,InterestingEventTime,EventDescription,currentThreadID,BotNumber
347,2022-04-29 00:54:58.524100,,21,events
348,2022-04-29 01:24:03.305600,,21,events
349,2022-04-29 01:24:16.532900,,10,events
350,2022-04-29 01:24:55.635800,,9,events
351,2022-04-29 01:24:55.636800,,21,events
352,2022-04-29 01:25:14.768700,,21,events
353,2022-04-29 01:25:14.842700,,43,events
354,2022-04-29 01:25:17.034000,,38,events
355,2022-04-29 01:25:17.050000,,43,events
356,2022-04-29 01:25:27.273000,,21,events
357,2022-04-29 01:25:27.274000,,43,events
358,2022-04-29 01:25:43.004600,,43,events
359,2022-04-29 01:25:43.007600,,43,events
360,2022-04-29 01:25:43.009600,,43,events
361,2022-04-29 01:25:50.460300,,43,events
362,2022-04-29 01:25:57.396000,,10,events
363,2022-04-29 01:26:00.470300,,38,events
364,2022-04-29 01:26:02.481500,,38,events
365,2022-04-29 01:26:11.578400,,21,events
366,2022-04-29 01:26:20.752300,,21,events
367,2022-04-29 01:26:36.960900,,21,events
368,2022-04-29 01:26:41.757400,,10,events
369,2022-04-29 01:26:58.259100,,43,events
370,2022-04-29 01:27:14.328700,,10,events
371,2022-04-29 01:27:14.330700,,9,events
372,2022-04-29 01:27:16.331900,,9,events
373,2022-04-29 01:27:45.554800,,9,events
374,2022-04-29 01:28:32.565500,,43,events
375,2022-04-29 01:28:45.175800,,9,events
376,2022-04-29 01:29:20.829300,,38,events
377,2022-04-29 01:29:24.658700,,38,events
378,2022-04-29 01:29:24.661700,,38,events
379,2022-04-29 01:29:27.021000,,9,events
380,2022-04-29 01:29:27.023000,,21,events
381,2022-04-29 01:29:47.588000,,38,events
382,2022-04-29 01:30:18.427100,,21,events
383,2022-04-29 01:30:19.065200,,21,events
384,2022-04-29 01:30:34.270700,,21,events
385,2022-04-29 01:30:58.030100,,43,events
386,2022-04-29 01:30:58.034100,,10,events
387,2022-04-29 01:31:00.030300,,10,events
388,2022-04-29 01:31:00.030300,,43,events
389,2022-04-29 01:31:07.720000,,43,events
390,2022-04-29 01:31:10.074300,,43,events
391,2022-04-29 01:31:50.307300,,10,events
392,2022-04-29 01:31:59.413200,,43,events
393,2022-04-29 01:32:04.494700,,10,events
394,2022-04-29 01:32:06.431900,,9,events
395,2022-04-29 01:32:22.780500,,10,events
396,2022-04-29 01:32:40.999300,,9,events
397,2022-04-29 01:32:44.760700,,10,events
398,2022-04-29 01:32:44.761700,,21,events
399,2022-04-29 01:32:49.948200,,38,events
400,2022-04-29 01:33:03.316600,,38,events
401,2022-04-29 01:33:08.409100,,38,events
402,2022-04-29 01:33:09.659200,,43,events
403,2022-04-29 01:33:11.859400,,9,events
404,2022-04-29 01:33:11.862400,,21,events
405,2022-04-29 01:33:11.862400,,10,events
406,2022-04-29 01:33:14.046700,,43,events
407,2022-04-29 01:33:30.769300,,9,events
408,2022-04-29 01:33:53.151600,,21,events
409,2022-04-29 01:33:53.155600,,38,events
410,2022-04-29 01:33:54.052700,,21,events
411,2022-04-29 01:34:02.158500,,21,events
412,2022-04-29 01:34:04.187700,,10,events
413,2022-04-29 01:34:24.142700,,10,events
414,2022-04-29 01:34:32.313500,,43,events
415,2022-04-29 01:34:32.569500,,43,events
416,2022-04-29 01:34:32.585500,,9,events
417,2022-04-29 01:34:33.677600,,43,events
418,2022-04-29 01:34:35.736800,,9,events
419,2022-04-29 01:34:41.852400,,21,events
420,2022-04-29 01:34:53.985600,,43,events
421,2022-04-29 01:34:55.928800,,38,events
422,2022-04-29 01:35:07.739000,,38,events
423,2022-04-29 01:35:29.686200,,21,events
424,2022-04-29 01:35:42.382500,,43,events
425,2022-04-29 01:35:45.952800,,10,events
426,2022-04-29 01:35:46.748900,,43,events
427,2022-04-29 01:35:47.579000,,21,events
428,2022-04-29 01:36:24.253700,,38,events
429,2022-04-29 01:37:25.761800,,43,events
430,2022-04-29 01:39:33.890600,,43,events
431,2022-04-29 01:43:23.219600,,38,events
432,2022-04-29 01:43:24.287700,,21,events
433,2022-04-29 01:43:26.251900,,21,events
434,2022-04-29 01:43:27.639000,,10,events
435,2022-04-29 01:43:31.373400,,10,events
436,2022-04-29 01:43:31.381400,,38,events
437,2022-04-29 01:43:32.356500,,21,events
438,2022-04-29 01:43:34.407700,,38,events
439,2022-04-29 01:43:35.407800,,43,events
440,2022-04-29 01:43:38.412100,,43,events
441,2022-04-29 01:43:38.445100,,10,events
442,2022-04-29 01:43:40.411300,,43,events
443,2022-04-29 01:43:51.873400,,43,events
444,2022-04-29 01:43:52.545500,,21,events
445,2022-04-29 01:44:01.621400,,21,events
446,2022-04-29 01:44:01.627400,,43,events
447,2022-04-29 01:44:01.742400,,9,events
448,2022-04-29 01:44:03.602600,,10,events
449,2022-04-29 01:44:03.606600,,21,events
450,2022-04-29 01:44:11.946400,,9,events
451,2022-04-29 01:44:18.671100,,9,events
452,2022-04-29 01:44:34.201700,,38,events
453,2022-04-29 01:44:34.208700,,21,events
454,2022-04-29 01:44:38.246100,,10,events
455,2022-04-29 01:44:40.283300,,21,events
456,2022-04-29 01:44:42.294500,,9,events
457,2022-04-29 01:44:43.388600,,9,events
458,2022-04-29 01:44:43.397600,,10,events
459,2022-04-29 01:44:45.397800,,10,events
460,2022-04-29 01:44:45.403800,,21,events
461,2022-04-29 01:44:49.412200,,21,events
462,2022-04-29 01:44:54.471700,,38,events
463,2022-04-29 01:45:07.644000,,9,events
464,2022-04-29 01:45:10.086200,,9,events
465,2022-04-29 01:45:16.781900,,21,events
466,2022-04-29 01:45:41.104300,,21,events
467,2022-04-29 01:46:01.610400,,38,events
468,2022-04-29 01:46:01.679400,,10,events
469,2022-04-29 01:46:03.326600,,10,events
470,2022-04-29 01:46:03.426600,,43,events
471,2022-04-29 01:46:05.535800,,43,events
472,2022-04-29 01:46:05.541800,,10,events
473,2022-04-29 01:46:22.740500,,10,events
474,2022-04-29 01:46:32.871500,,10,events
475,2022-04-29 01:46:33.304600,,9,events
476,2022-04-29 01:46:37.963000,,38,events
477,2022-04-29 01:46:47.062900,,21,events
478,2022-04-29 01:47:13.439600,,21,events
479,2022-04-29 01:47:17.492000,,9,events
480,2022-04-29 01:47:32.197500,,43,events
481,2022-04-29 01:47:44.856700,,43,events
482,2022-04-29 01:48:08.630100,,43,events
483,2022-04-29 01:53:10.813300,,21,events
484,2022-04-29 01:53:23.735600,,9,events
485,2022-04-29 01:56:07.830000,,21,events
486,2022-04-29 01:56:31.151300,,10,events
487,2022-04-29 01:56:38.556100,,9,events
488,2022-04-29 01:57:05.374800,,38,events
489,2022-04-29 01:57:05.386800,,43,events
490,2022-04-29 01:57:05.398800,,10,events
548,2022-04-29 01:58:24.347700,,21,events
549,2022-04-29 02:00:00.094200,,9,events
550,2022-04-29 02:00:10.168200,,21,events
551,2022-04-29 02:00:11.905400,,8,events
552,2022-04-29 02:00:11.907400,,9,events
553,2022-04-29 02:00:11.907400,,21,events
554,2022-04-29 02:00:11.922400,,38,events
555,2022-04-29 02:00:18.502100,,21,events
556,2022-04-29 02:00:26.161800,,9,events
557,2022-04-29 02:00:34.609700,,21,events
558,2022-04-29 02:00:36.786900,,10,events
559,2022-04-29 02:00:36.794900,,10,events
560,2022-04-29 02:00:49.821200,,43,events
561,2022-04-29 02:00:49.825200,,38,events
562,2022-04-29 02:01:12.138400,,10,events
563,2022-04-29 02:01:41.786400,,21,events
564,2022-04-29 02:01:44.104600,,21,events
565,2022-04-29 02:01:53.700600,,43,events
566,2022-04-29 02:01:58.779100,,9,events
567,2022-04-29 02:02:10.909300,,10,events
568,2022-04-29 02:02:36.255900,,21,events
569,2022-04-29 02:02:45.453800,,10,events
570,2022-04-29 02:02:47.489000,,10,events
571,2022-04-29 02:02:50.569300,,9,events
572,2022-04-29 02:02:52.344500,,21,events
573,2022-04-29 02:02:52.345500,,43,events
574,2022-04-29 02:02:54.452700,,21,events
575,2022-04-29 02:02:54.490700,,9,events
576,2022-04-29 02:02:54.850700,,9,events
577,2022-04-29 02:02:54.850700,,10,events
578,2022-04-29 02:02:54.851700,,38,events
579,2022-04-29 02:02:54.852700,,21,events
580,2022-04-29 02:03:06.795900,,38,events
581,2022-04-29 02:03:07.790000,,43,events
582,2022-04-29 02:03:14.323700,,10,events
583,2022-04-29 02:03:16.094800,,21,events
584,2022-04-29 02:03:16.094800,,9,events
585,2022-04-29 02:03:16.094800,,38,events
586,2022-04-29 02:03:16.095800,,43,events
587,2022-04-29 02:04:14.112600,,43,events
588,2022-04-29 02:04:16.898900,,9,events
589,2022-04-29 02:04:16.968900,,21,events
590,2022-04-29 02:04:17.002900,,38,events
591,2022-04-29 02:04:18.772100,,43,events
592,2022-04-29 02:04:19.882200,,10,events
593,2022-04-29 02:04:19.987200,,9,events
594,2022-04-29 02:04:20.190200,,38,events
595,2022-04-29 02:04:26.972900,,10,events
596,2022-04-29 02:04:34.533700,,21,events
597,2022-04-29 02:04:35.442800,,21,events
598,2022-04-29 02:04:36.831900,,9,events
599,2022-04-29 02:04:54.360700,,10,events
600,2022-04-29 02:05:23.840600,,43,events
601,2022-04-29 02:05:28.280100,,10,events
602,2022-04-29 02:05:28.301100,,21,events
603,2022-04-29 02:05:52.077400,,9,events
604,2022-04-29 02:05:53.918600,,21,events
605,2022-04-29 02:05:54.001600,,43,events
606,2022-04-29 02:06:14.464700,,10,events
607,2022-04-29 02:07:02.139400,,10,events
608,2022-04-29 02:07:17.361000,,8,events
609,2022-04-29 02:07:19.408200,,43,events
610,2022-04-29 02:07:23.455600,,43,events
611,2022-04-29 02:07:31.800400,,21,events
612,2022-04-29 02:07:31.809400,,10,events
613,2022-04-29 02:07:31.827400,,10,events
614,2022-04-29 02:07:31.885400,,38,events
615,2022-04-29 02:07:34.095600,,38,events
616,2022-04-29 02:07:44.873700,,43,events
617,2022-04-29 02:08:19.316200,,10,events
618,2022-04-29 02:08:24.137600,,43,events
619,2022-04-29 02:09:07.916000,,43,events
620,2022-04-29 02:09:09.240100,,43,events
621,2022-04-29 02:09:23.431600,,10,events
622,2022-04-29 02:09:23.482600,,43,events
623,2022-04-29 02:09:25.578800,,43,events
624,2022-04-29 02:09:29.208100,,43,events
625,2022-04-29 02:09:30.240200,,43,events
626,2022-04-29 02:09:42.051400,,10,events
627,2022-04-29 02:10:05.716800,,43,events
628,2022-04-29 02:10:20.912300,,21,events
629,2022-04-29 02:10:56.417900,,21,events
630,2022-04-29 02:10:59.448200,,43,events
631,2022-04-29 02:11:04.530700,,10,events
632,2022-04-29 02:12:11.695400,,21,events
633,2022-04-29 02:12:11.696400,,43,events
634,2022-04-29 02:12:47.385000,,10,events
635,2022-04-29 02:12:47.386000,,43,events
636,2022-04-29 02:12:58.098000,,43,events
637,2022-04-29 02:13:33.224500,,43,events
638,2022-04-29 02:13:33.228500,,21,events
639,2022-04-29 02:13:34.586700,,10,events
640,2022-04-29 02:14:06.363900,,21,events
641,2022-04-29 02:14:06.363900,,10,events
642,2022-04-29 02:14:08.983100,,43,events
643,2022-04-29 02:14:35.641800,,43,events
644,2022-04-29 02:14:36.910900,,21,events
645,2022-04-29 02:15:16.684900,,43,events
646,2022-04-29 02:16:31.897400,,21,events
647,2022-04-29 02:16:31.962400,,38,events
648,2022-04-29 02:16:33.990600,,9,events
649,2022-04-29 02:17:48.617100,,21,events
650,2022-04-29 02:18:00.039200,,43,events
651,2022-04-29 02:18:01.309400,,10,events
652,2022-04-29 02:18:09.935200,,21,events
653,2022-04-29 02:19:08.544100,,38,events
654,2022-04-29 02:19:38.935100,,10,events
655,2022-04-29 02:20:07.996000,,38,events
656,2022-04-29 02:20:32.106400,,10,events
657,2022-04-29 02:20:32.110400,,43,events
658,2022-04-29 02:20:58.153000,,9,events
659,2022-04-29 02:21:08.326100,,38,events
660,2022-04-29 02:22:01.175300,,9,events
661,2022-04-29 02:22:25.307700,,43,events
662,2022-04-29 02:23:00.175200,,9,events
663,2022-04-29 02:23:00.209200,,21,events
664,2022-04-29 02:23:02.091400,,10,events
665,2022-04-29 02:23:30.505300,,38,events
666,2022-04-29 02:23:31.334400,,43,events
667,2022-04-29 02:24:04.792700,,43,events
668,2022-04-29 02:24:10.609300,,21,events
669,2022-04-29 02:24:12.308400,,10,events
670,2022-04-29 02:24:23.023500,,38,events
671,2022-04-29 02:24:25.528800,,38,events
672,2022-04-29 02:24:38.244000,,9,events
673,2022-04-29 02:24:53.478600,,9,events
674,2022-04-29 02:25:08.790100,,43,events
675,2022-04-29 02:25:56.359900,,21,events
676,2022-04-29 02:26:04.464700,,43,events
677,2022-04-29 02:26:06.125800,,10,events
678,2022-04-29 02:26:44.094600,,21,events
679,2022-04-29 02:28:23.990600,,43,events
680,2022-04-29 02:28:23.991600,,10,events
681,2022-04-29 02:28:23.992600,,21,events
682,2022-04-29 02:28:23.992600,,9,events
683,2022-04-29 02:28:34.698700,,43,events
684,2022-04-29 02:28:35.739800,,9,events
685,2022-04-29 02:28:52.962500,,43,events
686,2022-04-29 02:29:26.442900,,10,events
687,2022-04-29 02:29:45.074700,,21,events
688,2022-04-29 02:30:32.338400,,21,events
689,2022-04-29 02:30:54.885700,,10,events
690,2022-04-29 02:31:10.334200,,9,events
691,2022-04-29 02:31:25.012700,,21,events
692,2022-04-29 02:31:35.485800,,10,events
693,2022-04-29 02:31:45.193700,,9,events
694,2022-04-29 02:32:26.587900,,9,events
695,2022-04-29 02:32:28.612100,,9,events
696,2022-04-29 02:33:04.679700,,9,events
697,2022-04-29 02:34:25.106700,,43,events
698,2022-04-29 02:34:51.473400,,21,events
699,2022-04-29 02:34:58.586100,,21,events
700,2022-04-29 02:35:01.902400,,9,events
701,2022-04-29 02:35:03.743600,,21,events
702,2022-04-29 02:35:34.142600,,21,events
703,2022-04-29 02:36:15.021700,,10,events
704,2022-04-29 02:36:15.040700,,9,events
705,2022-04-29 02:36:17.000900,,21,events
706,2022-04-29 02:36:25.346700,,10,events
707,2022-04-29 02:36:36.059800,,21,events
708,2022-04-29 02:37:13.576600,,21,events
709,2022-04-29 02:37:13.601600,,9,events
710,2022-04-29 02:37:29.782200,,43,events
711,2022-04-29 02:37:31.693400,,10,events
712,2022-04-29 02:38:01.321300,,43,events
713,2022-04-29 02:38:24.582700,,9,events
714,2022-04-29 02:38:52.923500,,8,events
715,2022-04-29 02:38:52.924500,,43,events
716,2022-04-29 02:38:55.265700,,9,events
717,2022-04-29 02:39:11.252300,,9,events
718,2022-04-29 02:39:25.440800,,9,events
719,2022-04-29 02:39:36.591900,,10,events
720,2022-04-29 02:39:46.727900,,43,events
721,2022-04-29 02:40:20.737300,,21,events
722,2022-04-29 02:40:35.438800,,43,events
723,2022-04-29 02:41:22.229400,,43,events
724,2022-04-29 02:41:22.314400,,10,events
725,2022-04-29 02:41:24.041600,,43,events
726,2022-04-29 02:41:24.108600,,9,events
727,2022-04-29 02:41:24.110600,,21,events
728,2022-04-29 02:41:37.361900,,43,events
729,2022-04-29 02:41:42.398400,,9,events
730,2022-04-29 02:41:46.496900,,21,events
731,2022-04-29 02:42:11.824400,,9,events
732,2022-04-29 02:43:21.795400,,10,events
733,2022-04-29 02:45:05.117700,,21,events
734,2022-04-29 02:45:05.281700,,10,events
735,2022-04-29 02:45:08.281000,,10,events
736,2022-04-29 02:45:52.242400,,43,events
737,2022-04-29 02:46:23.720600,,21,events
738,2022-04-29 02:47:13.974600,,10,events
739,2022-04-29 02:48:12.507500,,43,events
740,2022-04-29 02:48:14.428600,,43,events
741,2022-04-29 02:48:17.805000,,43,events
742,2022-04-29 02:48:24.911700,,10,events
743,2022-04-29 02:48:27.936000,,38,events
744,2022-04-29 02:50:55.192700,,8,events
745,2022-04-29 02:50:56.396800,,38,events
746,2022-04-29 02:52:25.731800,,9,events
747,2022-04-29 02:53:20.393200,,43,events
748,2022-04-29 02:53:28.263000,,43,events
749,2022-04-29 02:53:42.329400,,21,events
750,2022-04-29 02:54:26.971900,,10,events
751,2022-04-29 02:54:30.987300,,38,events
752,2022-04-29 02:54:46.451800,,38,events
753,2022-04-29 02:54:48.438000,,38,events
754,2022-04-29 02:56:11.104300,,38,events
755,2022-04-29 02:56:13.134500,,9,events
756,2022-04-29 02:56:13.159500,,10,events
757,2022-04-29 02:56:45.397700,,9,events
758,2022-04-29 02:57:32.642500,,21,events
759,2022-04-29 02:58:53.316500,,38,events
760,2022-04-29 02:59:21.340300,,9,events
761,2022-04-29 03:00:20.943300,,43,events
762,2022-04-29 03:00:38.120000,,10,events
763,2022-04-29 03:02:10.524200,,43,events
764,2022-04-29 03:03:28.592100,,43,events
765,2022-04-29 03:03:28.921100,,43,events
766,2022-04-29 03:03:30.897300,,43,events
767,2022-04-29 03:04:10.480200,,21,events
768,2022-04-29 03:04:14.835700,,21,events
769,2022-04-29 03:04:40.593300,,21,events
770,2022-04-29 03:04:53.061500,,9,events
771,2022-04-29 03:04:53.063500,,43,events
772,2022-04-29 03:04:54.948700,,9,events
773,2022-04-29 03:04:54.949700,,43,events
774,2022-04-29 03:04:54.967700,,38,events
775,2022-04-29 03:06:34.231600,,38,events
776,2022-04-29 03:06:36.294800,,9,events
1829,2022-04-29 03:06:58.659100,,21,events
1830,2022-04-29 03:08:52.361400,,10,events
1831,2022-04-29 03:10:18.869100,,43,events
1832,2022-04-29 03:10:38.696100,,43,events
1833,2022-04-29 03:10:39.049100,,10,events
1834,2022-04-29 03:11:37.895000,,8,events
1835,2022-04-29 03:12:23.532500,,21,events
1836,2022-04-29 03:12:25.723800,,10,events
1837,2022-04-29 03:14:41.809400,,43,events
1838,2022-04-29 03:16:13.748600,,21,events
1839,2022-04-29 03:16:13.757600,,43,events
1840,2022-04-29 03:16:15.502700,,21,events
1841,2022-04-29 03:17:25.556700,,10,events
1842,2022-04-29 03:17:25.557700,,21,events
1843,2022-04-29 03:17:31.095300,,43,events
1844,2022-04-29 03:17:41.963400,,21,events
1845,2022-04-29 03:18:03.344500,,9,events
1846,2022-04-29 03:18:46.461800,,10,events
1847,2022-04-29 03:19:10.089200,,43,events
1848,2022-04-29 03:19:10.089200,,38,events
1849,2022-04-29 03:19:10.092200,,21,events
1850,2022-04-29 03:19:37.183900,,21,events
1851,2022-04-29 03:20:38.256000,,43,events
1852,2022-04-29 03:20:40.398200,,21,events
1853,2022-04-29 03:22:11.710400,,10,events
1854,2022-04-29 03:22:11.767400,,43,events
1855,2022-04-29 03:22:11.773400,,21,events
1856,2022-04-29 03:22:47.590900,,21,events
1857,2022-04-29 03:23:34.056600,,43,events
1858,2022-04-29 03:23:43.612500,,8,events
1859,2022-04-29 03:23:45.621700,,9,events
1860,2022-04-29 03:24:04.907700,,21,events
1861,2022-04-29 03:24:28.835100,,9,events
1862,2022-04-29 03:24:28.835100,,10,events
1864,2022-04-29 03:26:06.715900,,43,events
1863,2022-04-29 03:26:06.715900,,38,events
1865,2022-04-29 03:26:06.716900,,21,events
1866,2022-04-29 03:26:18.397000,,10,events
1867,2022-04-29 03:26:22.276400,,21,events
1868,2022-04-29 03:26:46.708800,,10,events
1869,2022-04-29 03:26:58.367000,,9,events
1870,2022-04-29 03:27:00.114200,,43,events
1871,2022-04-29 03:27:00.180200,,43,events
1872,2022-04-29 03:27:02.002400,,43,events
1873,2022-04-29 03:27:02.027400,,21,events
1874,2022-04-29 03:29:06.327800,,9,events
1875,2022-04-29 03:29:08.699000,,9,events
1876,2022-04-29 03:29:39.615100,,8,events
1877,2022-04-29 03:30:48.738100,,9,events
1878,2022-04-29 03:32:33.489500,,21,events
1879,2022-04-29 03:32:33.494500,,10,events
1880,2022-04-29 03:32:35.668700,,38,events
1881,2022-04-29 03:34:07.908000,,38,events
1882,2022-04-29 03:34:07.916000,,10,events
1883,2022-04-29 03:34:10.041200,,10,events
1884,2022-04-29 03:34:10.056200,,21,events
1885,2022-04-29 03:35:10.392200,,43,events
1886,2022-04-29 03:35:25.122700,,21,events
1887,2022-04-29 03:35:25.175700,,43,events
1888,2022-04-29 03:36:22.343400,,21,events
1889,2022-04-29 03:36:23.412500,,9,events
1890,2022-04-29 03:36:26.707800,,9,events
1891,2022-04-29 03:36:34.509600,,10,events
1892,2022-04-29 03:36:36.740800,,10,events
1893,2022-04-29 03:36:58.094000,,43,events
1894,2022-04-29 03:37:21.153300,,43,events
1895,2022-04-29 03:37:34.592600,,10,events
1896,2022-04-29 03:37:44.843700,,10,events
1897,2022-04-29 03:37:44.844700,,43,events
1898,2022-04-29 03:37:48.800100,,10,events
1899,2022-04-29 03:37:53.247500,,21,events
1900,2022-04-29 03:37:53.294500,,43,events
1901,2022-04-29 03:37:53.309500,,10,events
1902,2022-04-29 03:37:55.411700,,21,events
1903,2022-04-29 03:38:05.562700,,9,events
1904,2022-04-29 03:38:05.563700,,9,events
1905,2022-04-29 03:38:11.246300,,9,events
1906,2022-04-29 03:38:27.458900,,43,events
1907,2022-04-29 03:38:27.483900,,21,events
1910,2022-04-29 03:38:43.902600,,10,events
1909,2022-04-29 03:38:43.902600,,38,events
1908,2022-04-29 03:38:43.902600,,21,events
1911,2022-04-29 03:38:56.215800,,9,events
1912,2022-04-29 03:39:11.005300,,10,events
1913,2022-04-29 03:40:00.785200,,38,events
1914,2022-04-29 03:40:29.279100,,38,events
1915,2022-04-29 03:40:29.293100,,9,events
1916,2022-04-29 03:40:29.354100,,10,events
1917,2022-04-29 03:40:31.441300,,21,events
1918,2022-04-29 03:41:26.034800,,9,events
1919,2022-04-29 03:41:49.380100,,43,events
1920,2022-04-29 03:41:56.853900,,38,events
1921,2022-04-29 03:41:57.472900,,21,events
1922,2022-04-29 03:41:57.473900,,21,events
1923,2022-04-29 03:42:12.701400,,9,events
1924,2022-04-29 03:42:14.874700,,43,events
1925,2022-04-29 03:42:14.893700,,10,events
1926,2022-04-29 03:42:38.291000,,38,events
1927,2022-04-29 03:43:08.613000,,38,events
1928,2022-04-29 03:43:12.462400,,38,events
1929,2022-04-29 03:43:12.464400,,9,events
1930,2022-04-29 03:43:33.818600,,38,events
1931,2022-04-29 03:43:55.867800,,9,events
1932,2022-04-29 03:44:50.039200,,10,events
1933,2022-04-29 03:46:08.088000,,38,events
1934,2022-04-29 03:46:16.789800,,43,events
1935,2022-04-29 03:47:14.148600,,43,events
1936,2022-04-29 03:51:22.034400,,8,events
1937,2022-04-29 03:52:07.008900,,9,events
1938,2022-04-29 03:52:10.264200,,43,events
1939,2022-04-29 03:53:04.584600,,10,events
1940,2022-04-29 03:53:24.110600,,38,events
1941,2022-04-29 03:53:44.443600,,38,events
1942,2022-04-29 03:53:46.343800,,10,events
1943,2022-04-29 03:53:46.399800,,38,events
1944,2022-04-29 03:54:36.889900,,38,events
1945,2022-04-29 03:54:39.955200,,21,events
1946,2022-04-29 03:54:45.003700,,21,events
1947,2022-04-29 03:54:46.022800,,9,events
1948,2022-04-29 03:55:09.344100,,38,events
1949,2022-04-29 03:55:11.349300,,38,events
1950,2022-04-29 03:55:22.928500,,10,events
1951,2022-04-29 03:55:22.936500,,21,events
1952,2022-04-29 03:55:23.005500,,43,events
1953,2022-04-29 03:55:25.053700,,8,events
1954,2022-04-29 03:57:08.661000,,21,events
1955,2022-04-29 03:58:12.464400,,10,events
1956,2022-04-29 03:58:59.529100,,21,events
1957,2022-04-29 03:59:52.486400,,38,events
1958,2022-04-29 04:01:52.541400,,21,events
1959,2022-04-29 04:01:53.011500,,9,events
1960,2022-04-29 04:01:53.013500,,8,events
1961,2022-04-29 04:01:53.013500,,38,events
1962,2022-04-29 04:01:53.014500,,10,events
1963,2022-04-29 04:01:53.015500,,21,events
1964,2022-04-29 04:01:53.015500,,43,events
1965,2022-04-29 04:01:53.017500,,9,events
1966,2022-04-29 04:01:53.339500,,43,events
1967,2022-04-29 04:01:59.672100,,9,events
1968,2022-04-29 04:02:00.677200,,38,events
1969,2022-04-29 04:02:00.696200,,10,events
1970,2022-04-29 04:02:00.697200,,21,events
1971,2022-04-29 04:02:02.747400,,9,events
1972,2022-04-29 04:02:02.752400,,38,events
1973,2022-04-29 04:02:03.710500,,43,events
1974,2022-04-29 04:02:03.745500,,9,events
1975,2022-04-29 04:02:04.701600,,21,events
1976,2022-04-29 04:02:04.796600,,38,events
1977,2022-04-29 04:02:04.798600,,10,events
1978,2022-04-29 04:02:08.776000,,38,events
1979,2022-04-29 04:02:09.762100,,38,events
1980,2022-04-29 04:02:29.216100,,9,events
1981,2022-04-29 04:04:36.106800,,10,events
1982,2022-04-29 04:04:37.001900,,10,events
1983,2022-04-29 04:29:40.123200,,43,events
1984,2022-04-29 04:29:56.840800,,43,events
1985,2022-04-29 04:30:16.088700,,38,events
1986,2022-04-29 04:30:26.100800,,9,events
1987,2022-04-29 04:30:26.619800,,9,events
1988,2022-04-29 04:30:37.385900,,21,events
1989,2022-04-29 04:30:38.382000,,10,events
1990,2022-04-29 04:30:39.392100,,10,events
1991,2022-04-29 04:30:39.409100,,21,events
1992,2022-04-29 04:30:39.951100,,9,events
1993,2022-04-29 04:31:04.805600,,43,events
1994,2022-04-29 04:31:08.804000,,9,events
1995,2022-04-29 04:31:16.908800,,43,events
1996,2022-04-29 04:31:19.960100,,10,events
1997,2022-04-29 04:31:20.837200,,21,events
1998,2022-04-29 04:31:26.021700,,21,events
1999,2022-04-29 04:31:26.078700,,43,events
2000,2022-04-29 04:31:27.898900,,10,events
2001,2022-04-29 04:31:31.286300,,10,events
2002,2022-04-29 04:31:40.497200,,38,events
2005,2022-04-29 04:31:40.498200,,9,events
2003,2022-04-29 04:31:40.498200,,38,events
2004,2022-04-29 04:31:40.498200,,21,events
2006,2022-04-29 04:31:40.499200,,43,events
2007,2022-04-29 04:31:46.455800,,21,events
2008,2022-04-29 04:32:36.125800,,21,events
2009,2022-04-29 04:32:36.209800,,10,events
2010,2022-04-29 04:32:54.442600,,10,events
2011,2022-04-29 04:33:03.609500,,38,events
2012,2022-04-29 04:33:09.964100,,10,events
2013,2022-04-29 04:33:31.336300,,10,events
2014,2022-04-29 04:33:31.336300,,43,events
2015,2022-04-29 04:33:33.032400,,38,events
2016,2022-04-29 04:33:51.312300,,43,events
2017,2022-04-29 04:34:30.952200,,21,events
2018,2022-04-29 04:34:35.066600,,10,events
2019,2022-04-29 04:34:56.310800,,38,events
2020,2022-04-29 04:35:05.833700,,43,events
2021,2022-04-29 04:35:21.687300,,10,events
2022,2022-04-29 04:35:23.055400,,21,events
2023,2022-04-29 04:35:25.276700,,43,events
2024,2022-04-29 04:35:35.867700,,10,events
2025,2022-04-29 04:35:40.980200,,38,events
2026,2022-04-29 04:35:56.152800,,10,events
2027,2022-04-29 04:36:07.421900,,21,events
2028,2022-04-29 04:36:31.647300,,9,events
2029,2022-04-29 04:36:37.191900,,21,events
2030,2022-04-29 04:36:38.896000,,9,events
2031,2022-04-29 04:36:39.347100,,10,events
2032,2022-04-29 04:36:39.352100,,21,events
2033,2022-04-29 04:36:51.923300,,38,events
2034,2022-04-29 04:37:01.298300,,9,events
2035,2022-04-29 04:37:30.172200,,21,events
2036,2022-04-29 04:37:55.122600,,21,events
2037,2022-04-29 04:37:55.151700,,38,events
853,2022-04-29 04:37:57.231900,,43,events
854,2022-04-29 04:38:36.370800,,43,events
855,2022-04-29 04:39:50.626200,,10,events
856,2022-04-29 04:41:12.873400,,10,events
857,2022-04-29 04:41:12.881400,,43,events
858,2022-04-29 04:42:30.637200,,10,events
859,2022-04-29 04:42:37.110800,,10,events
860,2022-04-29 04:42:48.242000,,38,events
861,2022-04-29 04:43:11.769300,,10,events
862,2022-04-29 04:43:18.851000,,21,events
863,2022-04-29 04:43:56.946800,,21,events
864,2022-04-29 04:44:07.013800,,38,events
865,2022-04-29 04:45:16.495800,,21,events
866,2022-04-29 04:45:34.175500,,43,events
867,2022-04-29 04:45:34.194600,,10,events
868,2022-04-29 04:46:57.190800,,21,events
869,2022-04-29 04:47:08.675000,,9,events
870,2022-04-29 04:48:27.553900,,43,events
871,2022-04-29 04:48:29.666100,,43,events
872,2022-04-29 04:48:29.672100,,21,events
873,2022-04-29 04:48:49.500100,,43,events
874,2022-04-29 04:48:49.719100,,9,events
875,2022-04-29 04:49:07.736900,,9,events
876,2022-04-29 04:50:08.712000,,21,events
877,2022-04-29 04:50:19.065000,,38,events
878,2022-04-29 04:51:11.354400,,21,events
879,2022-04-29 04:51:26.840800,,21,events
880,2022-04-29 04:52:03.988100,,10,events
881,2022-04-29 04:52:16.627000,,38,events
882,2022-04-29 04:52:16.635000,,38,events
883,2022-04-29 04:52:18.737700,,43,events
884,2022-04-29 04:54:27.231000,,43,events
885,2022-04-29 04:55:19.081000,,21,events
886,2022-04-29 04:56:17.585200,,21,events
887,2022-04-29 04:56:19.642100,,10,events
888,2022-04-29 04:56:19.668100,,21,events
889,2022-04-29 04:56:37.138600,,21,events
890,2022-04-29 04:57:19.030700,,10,events
891,2022-04-29 04:57:19.031700,,9,events
892,2022-04-29 04:57:51.196500,,10,events
893,2022-04-29 04:57:51.196500,,9,events
894,2022-04-29 04:57:51.196500,,21,events
895,2022-04-29 04:58:00.549100,,38,events
896,2022-04-29 04:58:43.168500,,9,events
897,2022-04-29 05:13:25.282700,,43,events
898,2022-04-29 05:13:27.173700,,38,events
899,2022-04-29 05:19:32.560700,,21,events
900,2022-04-29 05:28:34.180700,,21,events
901,2022-04-29 05:29:19.057700,,10,events
902,2022-04-29 05:34:08.892700,,21,events
903,2022-04-29 05:34:08.936700,,43,events
904,2022-04-29 05:37:30.399700,,9,events
905,2022-04-29 05:38:08.410700,,38,events
906,2022-04-29 05:38:09.555700,,43,events
907,2022-04-29 05:38:34.006700,,38,events
908,2022-04-29 05:38:35.449700,,10,events
909,2022-04-29 05:38:48.212700,,10,events
910,2022-04-29 05:39:10.831700,,43,events
911,2022-04-29 05:42:36.718700,,21,events
912,2022-04-29 05:46:37.536700,,38,events
913,2022-04-29 05:46:39.943700,,38,events
914,2022-04-29 05:48:30.708700,,8,events
915,2022-04-29 05:50:18.127700,,38,events
0,2022-04-29 06:42:09.540700,,9,events
1,2022-04-29 06:42:33.835700,,9,events
2,2022-04-29 06:42:49.040700,,43,events
3,2022-04-29 06:42:56.199700,,43,events
4,2022-04-29 06:43:04.117700,,38,events
5,2022-04-29 06:43:04.590700,,21,events
6,2022-04-29 06:43:06.247700,,43,events
7,2022-04-29 06:43:08.261700,,9,events
8,2022-04-29 06:43:18.432700,,10,events
9,2022-04-29 06:43:22.836700,,21,events
10,2022-04-29 06:43:22.888700,,9,events
11,2022-04-29 06:43:24.847700,,43,events
12,2022-04-29 06:43:24.854700,,21,events
13,2022-04-29 06:43:41.798700,,38,events
14,2022-04-29 06:43:45.828700,,9,events
15,2022-04-29 06:43:47.818700,,21,events
16,2022-04-29 06:43:50.884700,,10,events
17,2022-04-29 06:44:01.038700,,10,events
18,2022-04-29 06:44:06.111700,,21,events
19,2022-04-29 06:44:31.433700,,38,events
20,2022-04-29 06:44:51.741700,,9,events
21,2022-04-29 06:44:53.975700,,21,events
22,2022-04-29 06:44:56.222700,,43,events
23,2022-04-29 06:44:56.299700,,10,events
24,2022-04-29 06:44:56.301700,,21,events
25,2022-04-29 06:44:56.731700,,9,events
26,2022-04-29 06:44:56.733700,,9,events
27,2022-04-29 06:45:00.826700,,21,events
28,2022-04-29 06:45:13.006700,,10,events
29,2022-04-29 06:45:21.211700,,21,events
30,2022-04-29 06:45:42.421700,,38,events
31,2022-04-29 06:46:09.112700,,43,events
32,2022-04-29 06:46:11.292700,,43,events
33,2022-04-29 06:46:11.334700,,21,events
34,2022-04-29 06:46:13.461700,,38,events
35,2022-04-29 06:46:13.470700,,9,events
36,2022-04-29 06:46:13.508700,,21,events
37,2022-04-29 06:46:26.027700,,38,events
38,2022-04-29 06:46:30.732700,,38,events
39,2022-04-29 06:46:32.457700,,10,events
40,2022-04-29 06:46:35.148700,,38,events
41,2022-04-29 06:46:36.163700,,9,events
42,2022-04-29 06:46:44.248700,,21,events
43,2022-04-29 06:46:45.306700,,10,events
44,2022-04-29 06:46:48.250700,,10,events
45,2022-04-29 06:46:54.424700,,38,events
46,2022-04-29 06:46:54.443700,,43,events
47,2022-04-29 06:46:54.447700,,21,events
48,2022-04-29 06:46:54.453700,,9,events
49,2022-04-29 06:47:00.506700,,38,events
50,2022-04-29 06:47:01.480700,,9,events
51,2022-04-29 06:47:01.965700,,38,events
52,2022-04-29 06:47:10.861700,,43,events
53,2022-04-29 06:47:10.861700,,21,events
54,2022-04-29 06:47:13.999700,,43,events
55,2022-04-29 06:47:26.022700,,38,events
56,2022-04-29 06:47:26.157700,,10,events
57,2022-04-29 06:47:26.824700,,38,events
58,2022-04-29 06:47:28.252700,,38,events
59,2022-04-29 06:47:29.609700,,43,events
60,2022-04-29 06:47:33.991700,,9,events
61,2022-04-29 06:47:38.022700,,43,events
62,2022-04-29 06:47:52.220700,,9,events
63,2022-04-29 06:48:03.385700,,8,events
64,2022-04-29 06:48:11.511700,,10,events
65,2022-04-29 06:48:15.557700,,43,events
66,2022-04-29 06:48:21.794700,,43,events
67,2022-04-29 06:48:25.713700,,21,events
68,2022-04-29 06:48:27.756700,,21,events
69,2022-04-29 06:48:28.760700,,9,events
70,2022-04-29 06:48:35.827700,,10,events
71,2022-04-29 06:48:37.212700,,21,events
72,2022-04-29 06:48:52.876700,,21,events
73,2022-04-29 06:48:54.929700,,9,events
74,2022-04-29 06:49:02.139700,,38,events
75,2022-04-29 06:49:07.325700,,21,events
76,2022-04-29 06:49:08.374700,,38,events
77,2022-04-29 06:49:10.376700,,10,events
78,2022-04-29 06:49:10.383700,,21,events
79,2022-04-29 06:49:12.398700,,43,events
80,2022-04-29 06:49:12.434700,,38,events
81,2022-04-29 06:49:17.452700,,43,events
82,2022-04-29 06:49:19.519700,,43,events
83,2022-04-29 06:49:47.487700,,10,events
84,2022-04-29 06:49:49.026700,,38,events
85,2022-04-29 06:49:49.872700,,10,events
86,2022-04-29 06:50:06.107700,,21,events
87,2022-04-29 06:50:09.133700,,38,events
88,2022-04-29 06:50:09.591700,,9,events
89,2022-04-29 06:50:17.254700,,21,events
90,2022-04-29 06:50:19.306700,,10,events
91,2022-04-29 06:50:24.384700,,21,events
92,2022-04-29 06:50:26.925700,,38,events
93,2022-04-29 06:50:29.004700,,21,events
94,2022-04-29 06:50:54.070700,,10,events
95,2022-04-29 06:51:02.942700,,10,events
96,2022-04-29 06:51:09.987700,,21,events
97,2022-04-29 06:51:22.287700,,21,events
98,2022-04-29 06:51:30.286700,,43,events
99,2022-04-29 06:51:31.288700,,38,events
100,2022-04-29 06:51:35.326700,,21,events
101,2022-04-29 06:51:37.345700,,43,events
102,2022-04-29 06:51:41.423700,,38,events
103,2022-04-29 06:51:45.640700,,10,events
104,2022-04-29 06:51:52.171700,,43,events
105,2022-04-29 06:52:10.828700,,21,events
106,2022-04-29 06:52:29.126700,,21,events
107,2022-04-29 06:52:40.186700,,38,events
108,2022-04-29 06:52:41.255700,,10,events
109,2022-04-29 06:52:41.262700,,10,events
110,2022-04-29 06:52:58.542700,,21,events
111,2022-04-29 06:53:00.458700,,10,events
112,2022-04-29 06:53:00.474700,,38,events
113,2022-04-29 06:53:15.731700,,43,events
114,2022-04-29 06:53:32.008700,,8,events
115,2022-04-29 06:53:33.380700,,10,events
116,2022-04-29 06:53:33.380700,,21,events
117,2022-04-29 06:53:33.380700,,9,events
118,2022-04-29 06:53:33.381700,,43,events
119,2022-04-29 06:53:37.896700,,43,events
120,2022-04-29 06:53:53.487700,,9,events
121,2022-04-29 06:53:53.487700,,38,events
122,2022-04-29 06:53:53.489700,,43,events
123,2022-04-29 06:53:53.490700,,21,events
124,2022-04-29 06:53:53.493700,,9,events
125,2022-04-29 06:54:03.892700,,43,events
126,2022-04-29 06:54:09.487700,,9,events
127,2022-04-29 06:54:11.508700,,10,events
128,2022-04-29 06:54:12.281700,,21,events
129,2022-04-29 06:54:14.583700,,10,events
130,2022-04-29 06:54:14.644700,,43,events
131,2022-04-29 06:54:42.051700,,10,events
132,2022-04-29 06:54:45.578700,,43,events
133,2022-04-29 06:54:45.581700,,10,events
134,2022-04-29 06:54:45.581700,,21,events
135,2022-04-29 06:54:45.584700,,43,events
136,2022-04-29 06:54:59.300700,,38,events
137,2022-04-29 06:55:10.447700,,38,events
138,2022-04-29 06:55:14.553700,,43,events
139,2022-04-29 06:55:29.254700,,38,events
140,2022-04-29 06:55:31.461700,,43,events
141,2022-04-29 06:55:51.247700,,43,events
142,2022-04-29 06:56:05.185700,,43,events
143,2022-04-29 06:56:10.288700,,9,events
144,2022-04-29 06:56:14.335700,,8,events
145,2022-04-29 06:56:17.373700,,21,events
146,2022-04-29 06:56:40.848700,,21,events
147,2022-04-29 06:56:43.767700,,9,events
148,2022-04-29 06:56:49.902700,,21,events
149,2022-04-29 06:56:55.177700,,43,events
150,2022-04-29 06:56:55.180700,,21,events
151,2022-04-29 06:56:55.184700,,38,events
152,2022-04-29 06:57:40.761700,,38,events
153,2022-04-29 06:57:45.549700,,21,events
154,2022-04-29 06:58:00.025700,,38,events
155,2022-04-29 06:58:30.078700,,10,events
156,2022-04-29 06:58:30.131700,,9,events
157,2022-04-29 06:58:30.463700,,43,events
158,2022-04-29 06:58:41.229700,,38,events
159,2022-04-29 06:58:44.702700,,43,events
160,2022-04-29 06:58:44.703700,,21,events
161,2022-04-29 06:59:02.288700,,38,events
162,2022-04-29 06:59:04.311700,,21,events
163,2022-04-29 06:59:11.783700,,43,events
164,2022-04-29 06:59:16.848700,,10,events
165,2022-04-29 06:59:23.855700,,38,events
166,2022-04-29 07:00:00.477700,,43,events
167,2022-04-29 07:00:03.516700,,38,events
168,2022-04-29 07:00:09.836700,,9,events
169,2022-04-29 07:00:33.081700,,10,events
170,2022-04-29 07:00:33.081700,,38,events
171,2022-04-29 07:00:33.082700,,9,events
172,2022-04-29 07:00:37.291700,,38,events
173,2022-04-29 07:00:50.138700,,21,events
174,2022-04-29 07:00:51.926700,,43,events
175,2022-04-29 07:00:52.011700,,10,events
176,2022-04-29 07:00:54.062700,,21,events
177,2022-04-29 07:02:42.728700,,21,events
178,2022-04-29 07:03:33.757700,,43,events
179,2022-04-29 07:03:33.759700,,21,events
180,2022-04-29 07:04:39.690700,,38,events
181,2022-04-29 07:04:51.692700,,10,events
182,2022-04-29 07:05:02.221700,,21,events
183,2022-04-29 07:05:10.807700,,43,events
184,2022-04-29 07:05:11.199700,,43,events
185,2022-04-29 07:05:11.202700,,38,events
186,2022-04-29 07:05:11.204700,,21,events
187,2022-04-29 07:05:47.282700,,38,events
188,2022-04-29 07:06:05.742700,,21,events
189,2022-04-29 07:06:26.291700,,10,events
190,2022-04-29 07:06:26.298700,,21,events
191,2022-04-29 07:06:44.100700,,9,events
192,2022-04-29 07:07:09.445700,,21,events
193,2022-04-29 07:08:02.340700,,9,events
194,2022-04-29 07:08:02.357700,,38,events
195,2022-04-29 07:08:17.622700,,9,events
196,2022-04-29 07:08:36.606700,,21,events
197,2022-04-29 07:09:08.320700,,21,events
198,2022-04-29 07:09:10.313700,,38,events
199,2022-04-29 07:09:16.430700,,38,events
200,2022-04-29 07:09:44.189700,,43,events
201,2022-04-29 07:11:12.191700,,10,events
202,2022-04-29 07:11:18.715700,,9,events
203,2022-04-29 07:11:25.244700,,43,events
204,2022-04-29 07:11:46.149700,,43,events
205,2022-04-29 07:11:57.685700,,10,events
206,2022-04-29 07:12:09.848700,,43,events
207,2022-04-29 07:12:59.528700,,9,events
208,2022-04-29 07:13:03.576700,,21,events
209,2022-04-29 07:13:44.162700,,43,events
210,2022-04-29 07:13:47.112700,,43,events
211,2022-04-29 07:13:47.137700,,10,events
212,2022-04-29 07:14:26.867700,,9,events
213,2022-04-29 07:14:40.054700,,10,events
214,2022-04-29 07:14:55.262700,,43,events
215,2022-04-29 07:16:17.266700,,43,events
216,2022-04-29 07:16:47.688700,,38,events
217,2022-04-29 07:16:57.811700,,38,events
218,2022-04-29 07:18:17.875700,,38,events
219,2022-04-29 07:18:44.888700,,21,events
220,2022-04-29 07:18:47.375700,,9,events
221,2022-04-29 07:19:07.768700,,10,events
222,2022-04-29 07:20:10.548700,,43,events
223,2022-04-29 07:20:22.852700,,38,events
224,2022-04-29 07:20:30.033700,,43,events
225,2022-04-29 07:20:40.068700,,43,events
226,2022-04-29 07:20:58.322700,,9,events
227,2022-04-29 07:21:56.150700,,43,events
228,2022-04-29 07:21:56.156700,,10,events
229,2022-04-29 07:21:57.383700,,38,events
230,2022-04-29 07:21:57.398700,,21,events
231,2022-04-29 07:21:57.460700,,8,events
232,2022-04-29 07:21:59.855700,,21,events
233,2022-04-29 07:21:59.860700,,9,events
234,2022-04-29 07:21:59.865700,,43,events
235,2022-04-29 07:21:59.945700,,38,events
236,2022-04-29 07:22:28.576700,,38,events
237,2022-04-29 07:22:59.393700,,21,events
238,2022-04-29 07:22:59.395700,,38,events
239,2022-04-29 07:23:02.004700,,9,events
240,2022-04-29 07:23:05.504700,,38,events
241,2022-04-29 07:23:42.926700,,38,events
242,2022-04-29 07:24:04.150700,,10,events
243,2022-04-29 07:25:04.312700,,43,events
244,2022-04-29 07:25:04.318700,,43,events
245,2022-04-29 07:25:30.350700,,9,events
246,2022-04-29 07:25:30.399700,,43,events
247,2022-04-29 07:25:32.383700,,21,events
248,2022-04-29 07:25:46.500700,,10,events
249,2022-04-29 07:25:46.501700,,9,events
250,2022-04-29 07:26:12.692700,,21,events
251,2022-04-29 07:27:16.201700,,10,events
252,2022-04-29 07:27:22.244700,,10,events
253,2022-04-29 07:27:22.254700,,21,events
254,2022-04-29 07:27:22.258700,,9,events
255,2022-04-29 07:27:22.261700,,38,events
256,2022-04-29 07:27:24.355700,,10,events
257,2022-04-29 07:27:24.361700,,38,events
258,2022-04-29 07:27:30.330700,,9,events
259,2022-04-29 07:28:55.924700,,38,events
260,2022-04-29 07:29:09.980700,,10,events
261,2022-04-29 07:30:13.048700,,43,events
262,2022-04-29 07:30:13.058700,,38,events
263,2022-04-29 07:30:29.193700,,10,events
264,2022-04-29 07:30:29.239700,,43,events
265,2022-04-29 07:30:33.317700,,43,events
266,2022-04-29 07:30:35.304700,,9,events
267,2022-04-29 07:30:39.336700,,38,events
268,2022-04-29 07:30:47.779700,,10,events
269,2022-04-29 07:30:49.663700,,21,events
270,2022-04-29 07:30:49.677700,,9,events
271,2022-04-29 07:30:49.724700,,43,events
272,2022-04-29 07:31:07.762700,,21,events
273,2022-04-29 07:31:19.223700,,38,events
274,2022-04-29 07:31:19.226700,,21,events
275,2022-04-29 07:31:33.155700,,10,events
276,2022-04-29 07:31:48.379700,,43,events
277,2022-04-29 07:31:48.383700,,21,events
278,2022-04-29 07:31:53.401700,,43,events
279,2022-04-29 07:32:02.056700,,21,events
280,2022-04-29 07:32:08.652700,,43,events
281,2022-04-29 07:32:20.157700,,21,events
282,2022-04-29 07:32:20.169700,,10,events
283,2022-04-29 07:32:20.284700,,38,events
284,2022-04-29 07:32:22.110700,,43,events
285,2022-04-29 07:32:22.867700,,43,events
286,2022-04-29 07:32:52.126700,,9,events
287,2022-04-29 07:32:52.131700,,9,events
288,2022-04-29 07:32:54.244700,,10,events
289,2022-04-29 07:33:09.499700,,38,events
290,2022-04-29 07:33:20.638700,,38,events
291,2022-04-29 07:33:20.825700,,10,events
292,2022-04-29 07:33:27.944700,,10,events
293,2022-04-29 07:33:28.102700,,21,events
294,2022-04-29 07:33:28.102700,,38,events
295,2022-04-29 07:33:28.105700,,10,events
296,2022-04-29 07:33:28.108700,,43,events
297,2022-04-29 07:33:30.485700,,21,events
298,2022-04-29 07:33:30.486700,,43,events
299,2022-04-29 07:33:30.490700,,10,events
300,2022-04-29 07:33:30.784700,,21,events
301,2022-04-29 07:33:50.045700,,10,events
302,2022-04-29 07:34:18.756700,,21,events
303,2022-04-29 07:34:22.273700,,9,events
304,2022-04-29 07:34:26.549700,,10,events
305,2022-04-29 07:34:42.962700,,9,events
306,2022-04-29 07:34:42.967700,,43,events
307,2022-04-29 07:34:45.244700,,10,events
308,2022-04-29 07:34:45.268700,,9,events
309,2022-04-29 07:34:47.918700,,9,events
310,2022-04-29 07:36:05.666700,,21,events
311,2022-04-29 07:36:07.099700,,10,events
312,2022-04-29 07:36:15.216700,,9,events
313,2022-04-29 07:36:25.311700,,43,events
314,2022-04-29 07:37:14.014700,,38,events
315,2022-04-29 07:37:25.147700,,38,events
316,2022-04-29 07:37:25.150700,,43,events
317,2022-04-29 07:37:26.878700,,9,events
318,2022-04-29 07:37:35.352700,,9,events
319,2022-04-29 07:38:17.476700,,43,events
320,2022-04-29 07:38:17.478700,,9,events
321,2022-04-29 07:38:17.478700,,10,events
322,2022-04-29 07:38:19.973700,,21,events
323,2022-04-29 07:38:28.073700,,8,events
324,2022-04-29 07:38:34.187700,,21,events
325,2022-04-29 07:38:36.181700,,21,events
326,2022-04-29 07:38:42.448700,,38,events
327,2022-04-29 07:38:42.474700,,43,events
328,2022-04-29 07:38:42.516700,,21,events
329,2022-04-29 07:38:44.929700,,43,events
330,2022-04-29 07:38:44.930700,,21,events
331,2022-04-29 07:38:58.490700,,10,events
332,2022-04-29 07:39:55.392700,,21,events
333,2022-04-29 07:39:55.397700,,10,events
334,2022-04-29 07:39:57.335700,,43,events
335,2022-04-29 07:39:57.343700,,10,events
336,2022-04-29 07:40:10.732700,,43,events
337,2022-04-29 07:40:10.976700,,43,events
338,2022-04-29 07:40:20.882700,,9,events
339,2022-04-29 07:40:37.086700,,38,events
340,2022-04-29 07:40:52.644700,,43,events
341,2022-04-29 07:41:09.302700,,43,events
342,2022-04-29 07:41:55.918700,,9,events
343,2022-04-29 07:41:55.919700,,43,events
344,2022-04-29 07:42:09.477700,,43,events
345,2022-04-29 07:42:21.062700,,10,events
346,2022-04-29 07:42:37.068700,,21,events
980,2022-04-29 07:43:23.938700,,9,events
981,2022-04-29 07:43:23.944700,,38,events
982,2022-04-29 07:43:26.009700,,9,events
983,2022-04-29 07:43:30.493700,,10,events
984,2022-04-29 07:43:30.873700,,43,events
985,2022-04-29 07:43:34.701700,,9,events
986,2022-04-29 07:43:34.705700,,21,events
987,2022-04-29 07:43:51.769700,,38,events
988,2022-04-29 07:44:14.348700,,9,events
989,2022-04-29 07:44:30.528700,,38,events
990,2022-04-29 07:44:54.707700,,43,events
991,2022-04-29 07:44:57.090700,,9,events
992,2022-04-29 07:44:57.719700,,38,events
993,2022-04-29 07:44:57.907700,,43,events
994,2022-04-29 07:45:04.828700,,10,events
995,2022-04-29 07:45:38.862700,,9,events
996,2022-04-29 07:45:45.394700,,43,events
997,2022-04-29 07:45:47.380700,,10,events
998,2022-04-29 07:45:47.476700,,43,events
999,2022-04-29 07:45:48.789700,,43,events
1000,2022-04-29 07:45:52.126700,,21,events
1001,2022-04-29 07:46:09.749700,,9,events
1002,2022-04-29 07:46:16.539700,,21,events
1003,2022-04-29 07:46:25.964700,,21,events
1004,2022-04-29 07:46:27.983700,,21,events
1005,2022-04-29 07:46:54.361700,,9,events
1006,2022-04-29 07:46:59.422700,,9,events
1007,2022-04-29 07:47:04.740700,,9,events
1008,2022-04-29 07:47:06.003700,,43,events
1009,2022-04-29 07:47:06.500700,,43,events
1010,2022-04-29 07:47:06.505700,,43,events
1011,2022-04-29 07:47:14.902700,,38,events
1012,2022-04-29 07:47:18.829700,,9,events
1013,2022-04-29 07:47:23.828700,,21,events
1014,2022-04-29 07:47:49.116700,,10,events
1015,2022-04-29 07:47:55.472700,,38,events
1016,2022-04-29 07:48:02.385700,,9,events
1017,2022-04-29 07:48:06.435700,,43,events
1018,2022-04-29 07:48:11.521700,,43,events
1019,2022-04-29 07:48:17.986700,,43,events
1020,2022-04-29 07:48:18.142700,,21,events
1021,2022-04-29 07:48:20.226700,,9,events
1022,2022-04-29 07:48:32.764700,,10,events
1023,2022-04-29 07:48:36.170700,,10,events
1024,2022-04-29 07:48:40.063700,,43,events
1025,2022-04-29 07:48:54.255700,,9,events
1026,2022-04-29 07:48:55.113700,,9,events
1027,2022-04-29 07:49:04.261700,,38,events
1028,2022-04-29 07:49:30.332700,,10,events
1029,2022-04-29 07:49:35.789700,,38,events
1030,2022-04-29 07:49:35.882700,,21,events
1031,2022-04-29 07:49:37.796700,,38,events
1032,2022-04-29 07:49:37.865700,,21,events
1033,2022-04-29 07:49:37.867700,,43,events
1034,2022-04-29 07:50:19.461700,,43,events
1035,2022-04-29 07:50:20.512700,,10,events
1036,2022-04-29 07:50:30.586700,,8,events
1037,2022-04-29 07:50:36.948700,,43,events
1038,2022-04-29 07:51:03.518700,,9,events
1039,2022-04-29 07:51:11.509700,,38,events
1040,2022-04-29 07:51:12.559700,,9,events
1041,2022-04-29 07:51:13.059700,,10,events
1042,2022-04-29 07:51:13.612700,,9,events
1043,2022-04-29 07:51:26.283700,,38,events
1045,2022-04-29 07:51:54.132700,,38,events
1044,2022-04-29 07:51:54.132700,,9,events
1047,2022-04-29 07:51:54.133700,,43,events
1046,2022-04-29 07:51:54.133700,,21,events
1048,2022-04-29 07:51:59.695700,,21,events
1049,2022-04-29 07:52:04.934700,,10,events
1050,2022-04-29 07:52:21.146700,,43,events
1051,2022-04-29 07:52:36.357700,,21,events
1052,2022-04-29 07:52:55.221700,,43,events
1053,2022-04-29 07:52:57.323700,,10,events
1054,2022-04-29 07:52:57.347700,,21,events
1055,2022-04-29 07:53:37.320700,,10,events
1056,2022-04-29 07:53:39.214700,,10,events
1057,2022-04-29 07:53:46.308700,,10,events
1058,2022-04-29 07:54:06.580700,,43,events
1059,2022-04-29 07:54:12.871700,,38,events
1060,2022-04-29 07:55:05.203700,,9,events
1061,2022-04-29 07:55:39.479700,,9,events
1062,2022-04-29 07:56:22.967700,,38,events
1063,2022-04-29 07:57:19.263700,,10,events
1064,2022-04-29 07:59:42.996700,,9,events
1065,2022-04-29 08:02:43.977700,,38,events
1066,2022-04-29 08:02:57.041700,,21,events
1067,2022-04-29 08:03:08.419700,,43,events
1068,2022-04-29 08:03:41.879700,,21,events
1069,2022-04-29 08:04:58.588700,,38,events
1070,2022-04-29 08:05:50.600700,,38,events
1071,2022-04-29 08:06:09.455700,,10,events
1072,2022-04-29 08:06:09.461700,,21,events
1073,2022-04-29 08:06:09.568700,,43,events
1074,2022-04-29 08:07:17.125700,,21,events
1075,2022-04-29 08:07:17.127700,,9,events
1076,2022-04-29 08:07:17.128700,,38,events
1077,2022-04-29 08:07:20.602700,,43,events
1078,2022-04-29 08:07:22.902700,,9,events
1079,2022-04-29 08:07:36.050700,,10,events
1081,2022-04-29 08:07:50.648700,,38,events
1080,2022-04-29 08:07:50.648700,,10,events
1082,2022-04-29 08:08:19.674700,,43,events
1083,2022-04-29 08:08:23.746700,,38,events
1084,2022-04-29 08:08:30.041700,,21,events
1085,2022-04-29 08:08:30.054700,,10,events
1086,2022-04-29 08:08:57.157700,,9,events
1087,2022-04-29 08:09:17.477700,,10,events
1088,2022-04-29 08:09:18.497700,,8,events
1089,2022-04-29 08:09:23.527700,,10,events
1090,2022-04-29 08:09:27.610700,,38,events
1091,2022-04-29 08:09:46.083700,,9,events
1092,2022-04-29 08:09:46.107700,,21,events
1093,2022-04-29 08:09:47.238700,,21,events
1094,2022-04-29 08:10:03.135700,,21,events
1095,2022-04-29 08:10:30.964700,,21,events
1096,2022-04-29 08:11:09.430700,,9,events
1097,2022-04-29 08:11:32.690700,,10,events
1098,2022-04-29 08:11:34.764700,,21,events
1099,2022-04-29 08:11:57.706700,,21,events
1100,2022-04-29 08:12:11.232700,,38,events
1101,2022-04-29 08:12:13.910700,,43,events
1102,2022-04-29 08:12:49.140700,,43,events
1103,2022-04-29 08:12:54.209700,,38,events
1104,2022-04-29 08:12:54.494700,,43,events
1105,2022-04-29 08:13:23.868700,,21,events
1106,2022-04-29 08:13:25.248700,,43,events
1107,2022-04-29 08:13:27.527700,,10,events
1108,2022-04-29 08:14:23.244700,,10,events
1111,2022-04-29 08:14:23.247700,,43,events
1110,2022-04-29 08:14:23.247700,,10,events
1109,2022-04-29 08:14:23.247700,,9,events
1113,2022-04-29 08:14:23.248700,,38,events
1112,2022-04-29 08:14:23.248700,,21,events
1114,2022-04-29 08:14:42.336700,,21,events
1115,2022-04-29 08:14:44.982700,,38,events
1116,2022-04-29 08:14:44.988700,,10,events
1117,2022-04-29 08:14:44.989700,,43,events
1118,2022-04-29 08:15:08.539700,,21,events
1119,2022-04-29 08:15:41.210700,,10,events
1120,2022-04-29 08:15:46.928700,,10,events
1121,2022-04-29 08:15:51.515700,,38,events
1122,2022-04-29 08:15:51.516700,,9,events
1123,2022-04-29 08:15:51.516700,,43,events
1124,2022-04-29 08:15:51.517700,,10,events
1125,2022-04-29 08:15:51.518700,,21,events
1126,2022-04-29 08:16:03.649700,,21,events
1127,2022-04-29 08:16:03.649700,,9,events
1128,2022-04-29 08:16:05.654700,,21,events
1129,2022-04-29 08:16:05.718700,,10,events
1130,2022-04-29 08:16:13.584700,,38,events
1131,2022-04-29 08:17:06.858700,,43,events
1132,2022-04-29 08:17:17.542700,,10,events
1133,2022-04-29 08:17:19.561700,,10,events
1134,2022-04-29 08:17:54.711700,,43,events
1135,2022-04-29 08:18:09.928700,,9,events
1136,2022-04-29 08:18:23.134700,,21,events
1137,2022-04-29 08:18:24.302700,,9,events
1138,2022-04-29 08:18:27.253700,,21,events
1139,2022-04-29 08:19:08.774700,,43,events
1140,2022-04-29 08:19:13.833700,,10,events
1141,2022-04-29 08:19:32.994700,,9,events
1142,2022-04-29 08:19:54.387700,,9,events
1143,2022-04-29 08:20:06.577700,,38,events
1144,2022-04-29 08:20:41.258700,,21,events
1145,2022-04-29 08:20:41.410700,,38,events
1146,2022-04-29 08:20:42.699700,,21,events
1147,2022-04-29 08:20:51.159700,,38,events
1148,2022-04-29 08:21:21.653700,,9,events
1149,2022-04-29 08:21:33.927700,,43,events
1150,2022-04-29 08:21:33.928700,,10,events
1151,2022-04-29 08:21:39.882700,,9,events
1152,2022-04-29 08:21:54.626700,,43,events
1153,2022-04-29 08:22:15.343700,,38,events
1154,2022-04-29 08:22:24.367700,,9,events
1155,2022-04-29 08:22:24.410700,,38,events
1156,2022-04-29 08:22:48.833700,,21,events
1157,2022-04-29 08:23:10.107700,,21,events
1158,2022-04-29 08:23:19.229700,,43,events
1159,2022-04-29 08:23:54.790700,,43,events
1160,2022-04-29 08:24:01.806700,,10,events
1161,2022-04-29 08:24:12.017700,,43,events
1162,2022-04-29 08:24:12.616700,,10,events
1163,2022-04-29 08:26:08.579700,,21,events
1164,2022-04-29 08:26:15.025700,,21,events
1165,2022-04-29 08:27:02.769700,,43,events
1166,2022-04-29 08:27:34.760700,,10,events
1167,2022-04-29 08:28:35.431700,,43,events
1168,2022-04-29 08:30:45.962700,,10,events
1169,2022-04-29 08:30:54.512700,,21,events
1170,2022-04-29 08:31:11.300700,,21,events
1171,2022-04-29 08:32:02.272700,,10,events
1172,2022-04-29 08:32:14.605700,,38,events
1173,2022-04-29 08:32:27.026700,,38,events
1174,2022-04-29 08:32:32.826700,,10,events
1175,2022-04-29 08:33:45.845700,,43,events
1176,2022-04-29 08:35:23.538700,,43,events
1177,2022-04-29 08:36:38.355700,,10,events
1178,2022-04-29 08:37:56.237700,,43,events
1179,2022-04-29 08:37:58.408700,,21,events
1180,2022-04-29 08:39:27.775700,,43,events
1181,2022-04-29 08:39:48.026700,,10,events
1182,2022-04-29 08:40:02.205700,,9,events
1183,2022-04-29 08:40:16.430700,,38,events
1186,2022-04-29 08:40:55.638700,,43,events
1184,2022-04-29 08:40:55.638700,,9,events
1185,2022-04-29 08:40:55.638700,,38,events
1187,2022-04-29 08:40:55.639700,,10,events
1188,2022-04-29 08:40:55.640700,,21,events
1189,2022-04-29 08:42:18.806700,,10,events
1190,2022-04-29 08:42:21.025700,,10,events
1191,2022-04-29 08:42:21.031700,,21,events
1192,2022-04-29 08:42:45.477700,,21,events
1193,2022-04-29 08:43:14.186700,,43,events
1195,2022-04-29 08:43:54.851700,,10,events
1194,2022-04-29 08:43:54.851700,,21,events
1196,2022-04-29 08:44:26.108700,,10,events
1197,2022-04-29 08:44:28.086700,,43,events
1198,2022-04-29 08:44:30.392700,,43,events
1199,2022-04-29 08:44:30.394700,,10,events
1200,2022-04-29 08:45:02.339700,,38,events
1201,2022-04-29 08:45:27.988700,,43,events
1202,2022-04-29 08:46:20.847700,,10,events
1203,2022-04-29 08:46:45.735700,,43,events
1204,2022-04-29 08:47:00.700700,,38,events
1205,2022-04-29 08:47:33.701700,,43,events
1206,2022-04-29 08:47:40.542700,,43,events
1207,2022-04-29 08:47:45.619700,,43,events
1208,2022-04-29 08:47:51.713700,,10,events
1209,2022-04-29 08:47:51.719700,,9,events
1210,2022-04-29 08:48:20.054700,,21,events
1211,2022-04-29 08:48:37.310700,,38,events
1212,2022-04-29 08:48:42.362700,,21,events
1213,2022-04-29 08:48:42.692700,,21,events
1214,2022-04-29 08:48:48.515700,,38,events
1215,2022-04-29 08:48:49.644700,,43,events
1216,2022-04-29 08:49:00.528700,,21,events
1217,2022-04-29 08:49:04.317700,,21,events
1218,2022-04-29 08:49:04.318700,,10,events
1219,2022-04-29 08:49:16.102700,,10,events
1220,2022-04-29 08:49:46.263700,,38,events
1221,2022-04-29 08:49:49.311700,,43,events
1222,2022-04-29 08:49:55.942700,,38,events
1223,2022-04-29 08:50:18.708700,,21,events
1224,2022-04-29 08:50:26.743700,,21,events
1225,2022-04-29 08:50:41.016700,,21,events
1226,2022-04-29 08:50:41.048700,,9,events
1227,2022-04-29 08:50:42.043700,,10,events
1228,2022-04-29 08:50:46.370700,,9,events
1229,2022-04-29 08:50:46.482700,,43,events
1230,2022-04-29 08:50:47.719700,,9,events
1231,2022-04-29 08:50:48.712700,,38,events
1232,2022-04-29 08:51:46.932700,,21,events
1233,2022-04-29 08:52:03.717700,,10,events
1234,2022-04-29 08:52:19.350700,,9,events
1235,2022-04-29 08:52:19.400700,,38,events
1236,2022-04-29 08:52:19.438700,,9,events
1237,2022-04-29 08:52:21.448700,,38,events
1238,2022-04-29 08:53:07.441700,,21,events
1239,2022-04-29 08:53:14.227700,,43,events
1240,2022-04-29 08:53:14.455700,,21,events
1241,2022-04-29 08:53:28.425700,,9,events
1242,2022-04-29 08:53:39.769700,,21,events
1243,2022-04-29 08:53:45.946700,,21,events
1244,2022-04-29 08:53:45.971700,,9,events
1245,2022-04-29 08:53:48.217700,,21,events
1246,2022-04-29 08:54:17.130700,,21,events
1389,2022-04-29 08:54:27.269700,,21,events
1390,2022-04-29 08:54:38.403700,,21,events
1391,2022-04-29 08:54:50.595700,,38,events
1392,2022-04-29 08:55:04.153700,,9,events
1393,2022-04-29 08:55:04.157700,,21,events
1394,2022-04-29 08:55:04.174700,,43,events
1395,2022-04-29 08:55:04.218700,,10,events
1396,2022-04-29 08:55:11.196700,,10,events
1397,2022-04-29 08:55:11.197700,,21,events
1398,2022-04-29 08:55:11.197700,,9,events
1399,2022-04-29 08:55:11.198700,,43,events
1400,2022-04-29 08:55:11.199700,,38,events
1401,2022-04-29 08:55:11.204700,,10,events
1402,2022-04-29 08:55:16.954700,,38,events
1403,2022-04-29 08:56:09.539700,,10,events
1404,2022-04-29 08:56:10.715700,,10,events
1405,2022-04-29 08:56:11.769700,,38,events
1406,2022-04-29 08:56:12.269700,,21,events
1407,2022-04-29 08:56:12.306700,,10,events
1408,2022-04-29 08:56:12.316700,,43,events
1409,2022-04-29 08:56:12.705700,,38,events
1410,2022-04-29 08:56:14.158700,,43,events
1411,2022-04-29 08:56:14.170700,,9,events
1412,2022-04-29 08:56:14.503700,,21,events
1413,2022-04-29 08:56:14.560700,,38,events
1414,2022-04-29 08:56:48.389700,,43,events
1415,2022-04-29 08:57:11.367700,,38,events
1416,2022-04-29 08:57:27.770700,,38,events
1417,2022-04-29 08:57:42.773700,,10,events
1418,2022-04-29 08:57:42.839700,,9,events
1419,2022-04-29 08:57:44.887700,,21,events
1420,2022-04-29 08:57:58.224700,,43,events
1421,2022-04-29 08:58:02.919700,,21,events
1422,2022-04-29 08:58:07.299700,,21,events
1423,2022-04-29 08:58:31.635700,,10,events
1424,2022-04-29 08:58:33.634700,,43,events
1425,2022-04-29 08:58:48.196700,,10,events
1426,2022-04-29 08:58:48.197700,,21,events
1427,2022-04-29 08:58:48.198700,,43,events
1428,2022-04-29 08:59:04.945700,,21,events
1429,2022-04-29 08:59:07.105700,,21,events
1430,2022-04-29 08:59:21.433700,,21,events
1431,2022-04-29 08:59:55.888700,,38,events
1432,2022-04-29 09:00:20.637700,,43,events
1433,2022-04-29 09:00:21.218700,,21,events
1434,2022-04-29 09:00:23.268700,,43,events
1435,2022-04-29 09:00:23.269700,,9,events
1436,2022-04-29 09:00:26.168700,,10,events
1437,2022-04-29 09:00:26.176700,,38,events
1438,2022-04-29 09:00:26.416700,,21,events
1439,2022-04-29 09:00:28.142700,,10,events
1440,2022-04-29 09:00:28.149700,,9,events
1441,2022-04-29 09:00:28.579700,,10,events
1443,2022-04-29 09:01:38.769700,,21,events
1444,2022-04-29 09:01:38.769700,,9,events
1442,2022-04-29 09:01:38.769700,,8,events
1445,2022-04-29 09:01:38.771700,,43,events
1446,2022-04-29 09:01:38.772700,,10,events
1447,2022-04-29 09:01:55.520700,,10,events
1448,2022-04-29 09:01:56.384700,,21,events
1449,2022-04-29 09:01:57.906700,,10,events
1450,2022-04-29 09:02:02.612700,,38,events
1451,2022-04-29 09:02:04.641700,,43,events
1452,2022-04-29 09:02:04.642700,,43,events
1453,2022-04-29 09:02:41.131700,,21,events
1454,2022-04-29 09:02:51.286700,,21,events
1455,2022-04-29 09:02:51.291700,,43,events
1456,2022-04-29 09:03:01.430700,,9,events
1457,2022-04-29 09:03:03.028700,,21,events
1458,2022-04-29 09:03:03.029700,,43,events
1459,2022-04-29 09:03:03.030700,,9,events
1460,2022-04-29 09:03:03.035700,,21,events
1461,2022-04-29 09:03:51.243700,,21,events
1462,2022-04-29 09:03:51.255700,,38,events
1463,2022-04-29 09:04:18.496700,,9,events
1464,2022-04-29 09:04:39.323700,,38,events
1465,2022-04-29 09:04:56.227700,,21,events
1466,2022-04-29 09:05:13.856700,,43,events
1467,2022-04-29 09:05:18.641700,,21,events
1468,2022-04-29 09:05:28.366700,,43,events
1469,2022-04-29 09:05:28.427700,,21,events
1470,2022-04-29 09:05:30.667700,,10,events
1471,2022-04-29 09:05:36.305700,,43,events
1472,2022-04-29 09:05:58.456700,,10,events
1473,2022-04-29 09:05:58.457700,,21,events
1474,2022-04-29 09:06:15.479700,,9,events
1475,2022-04-29 09:06:34.791700,,10,events
1476,2022-04-29 09:06:38.850700,,10,events
1477,2022-04-29 09:06:42.124700,,9,events
1478,2022-04-29 09:06:42.125700,,21,events
1479,2022-04-29 09:06:59.805700,,9,events
1480,2022-04-29 09:07:03.931700,,43,events
1481,2022-04-29 09:07:05.775700,,21,events
1482,2022-04-29 09:07:05.814700,,43,events
1483,2022-04-29 09:07:51.594700,,10,events
1484,2022-04-29 09:09:01.909700,,43,events
1485,2022-04-29 09:09:03.950700,,43,events
1486,2022-04-29 09:09:03.988700,,9,events
1487,2022-04-29 09:09:08.900700,,9,events
1488,2022-04-29 09:09:08.928700,,21,events
1489,2022-04-29 09:09:44.392700,,10,events
1490,2022-04-29 09:10:10.983700,,21,events
1491,2022-04-29 09:10:10.984700,,9,events
1492,2022-04-29 09:10:36.839700,,43,events
1493,2022-04-29 09:10:44.958700,,9,events
1494,2022-04-29 09:10:54.388700,,21,events
1495,2022-04-29 09:12:26.591700,,8,events
1496,2022-04-29 09:12:27.361700,,21,events
1497,2022-04-29 09:12:42.495700,,43,events
1498,2022-04-29 09:12:42.496700,,9,events
1499,2022-04-29 09:12:42.564700,,21,events
1500,2022-04-29 09:12:52.740700,,10,events
1501,2022-04-29 09:13:26.019700,,43,events
1502,2022-04-29 09:13:51.553700,,10,events
1503,2022-04-29 09:14:21.958700,,8,events
1504,2022-04-29 09:14:47.678700,,21,events
1505,2022-04-29 09:15:03.759700,,43,events
1506,2022-04-29 09:15:14.854700,,43,events
1507,2022-04-29 09:15:26.387700,,43,events
1508,2022-04-29 09:15:34.735700,,43,events
1509,2022-04-29 09:15:34.736700,,9,events
1510,2022-04-29 09:15:59.515700,,21,events
1511,2022-04-29 09:16:12.722700,,21,events
1512,2022-04-29 09:16:16.242700,,9,events
1513,2022-04-29 09:16:16.299700,,38,events
1514,2022-04-29 09:16:18.252700,,8,events
1515,2022-04-29 09:16:24.910700,,38,events
1516,2022-04-29 09:16:26.874700,,21,events
1517,2022-04-29 09:16:52.493700,,21,events
1518,2022-04-29 09:17:19.663700,,10,events
1519,2022-04-29 09:17:26.784700,,10,events
1520,2022-04-29 09:17:45.744700,,21,events
1522,2022-04-29 09:17:45.745700,,43,events
1521,2022-04-29 09:17:45.745700,,38,events
1523,2022-04-29 09:17:52.127700,,38,events
1524,2022-04-29 09:17:53.102700,,9,events
1525,2022-04-29 09:18:01.275700,,9,events
1526,2022-04-29 09:18:06.287700,,43,events
1527,2022-04-29 09:18:09.363700,,21,events
1528,2022-04-29 09:18:17.463700,,9,events
1529,2022-04-29 09:18:19.696700,,38,events
1530,2022-04-29 09:18:19.698700,,21,events
1531,2022-04-29 09:18:20.047700,,43,events
1532,2022-04-29 09:18:36.742700,,43,events
1533,2022-04-29 09:18:39.099700,,38,events
1534,2022-04-29 09:18:41.979700,,10,events
1536,2022-04-29 09:18:44.147700,,43,events
1535,2022-04-29 09:18:44.147700,,21,events
1537,2022-04-29 09:18:44.148700,,38,events
1538,2022-04-29 09:18:44.149700,,10,events
1539,2022-04-29 09:18:46.167700,,43,events
1540,2022-04-29 09:18:57.032700,,9,events
1541,2022-04-29 09:19:15.140700,,10,events
1542,2022-04-29 09:19:44.668700,,10,events
1543,2022-04-29 09:20:00.862700,,10,events
1544,2022-04-29 09:20:05.990700,,10,events
1545,2022-04-29 09:20:22.795700,,21,events
1546,2022-04-29 09:20:22.824700,,38,events
1547,2022-04-29 09:20:22.843700,,10,events
1548,2022-04-29 09:20:22.846700,,43,events
1549,2022-04-29 09:20:24.474700,,21,events
1550,2022-04-29 09:20:24.476700,,9,events
1551,2022-04-29 09:20:31.728700,,43,events
1552,2022-04-29 09:20:36.278700,,9,events
1553,2022-04-29 09:20:36.279700,,9,events
1554,2022-04-29 09:21:05.759700,,38,events
1555,2022-04-29 09:21:27.060700,,21,events
1556,2022-04-29 09:21:29.783700,,21,events
1557,2022-04-29 09:21:44.603700,,43,events
1558,2022-04-29 09:21:48.343700,,9,events
1559,2022-04-29 09:21:52.957700,,38,events
1560,2022-04-29 09:21:56.072700,,38,events
1561,2022-04-29 09:22:40.073700,,8,events
1562,2022-04-29 09:23:49.052700,,21,events
1563,2022-04-29 09:23:55.136700,,21,events
1564,2022-04-29 09:24:37.039700,,38,events
1565,2022-04-29 09:24:37.064700,,21,events
1566,2022-04-29 09:24:45.829700,,43,events
1567,2022-04-29 09:24:47.056700,,38,events
1568,2022-04-29 09:24:47.056700,,10,events
1569,2022-04-29 09:24:47.059700,,43,events
1570,2022-04-29 09:24:53.262700,,21,events
1571,2022-04-29 09:25:44.672700,,8,events
1572,2022-04-29 09:25:56.104700,,21,events
1573,2022-04-29 09:25:58.247700,,21,events
1574,2022-04-29 09:25:58.248700,,10,events
1575,2022-04-29 09:26:06.668700,,10,events
1576,2022-04-29 09:26:36.596700,,21,events
1577,2022-04-29 09:26:41.422700,,38,events
1578,2022-04-29 09:27:02.257700,,21,events
1579,2022-04-29 09:27:03.759700,,21,events
1580,2022-04-29 09:27:07.130700,,21,events
1581,2022-04-29 09:27:10.881700,,38,events
1582,2022-04-29 09:28:15.335700,,43,events
1583,2022-04-29 09:28:16.654700,,9,events
1584,2022-04-29 09:28:16.655700,,43,events
1585,2022-04-29 09:28:16.952700,,10,events
1586,2022-04-29 09:28:26.926700,,43,events
1587,2022-04-29 09:29:12.531700,,21,events
1588,2022-04-29 09:29:12.578700,,9,events
1589,2022-04-29 09:29:21.805700,,21,events
1590,2022-04-29 09:29:36.063700,,43,events
1591,2022-04-29 09:30:28.887700,,21,events
1592,2022-04-29 09:30:35.357700,,38,events
1593,2022-04-29 09:30:43.909700,,43,events
1594,2022-04-29 09:30:44.922700,,10,events
1595,2022-04-29 09:31:02.498700,,9,events
1596,2022-04-29 09:31:09.208700,,10,events
1597,2022-04-29 09:31:57.666700,,38,events
1598,2022-04-29 09:32:04.441700,,43,events
1599,2022-04-29 09:32:04.519700,,9,events
1600,2022-04-29 09:32:06.848700,,21,events
1601,2022-04-29 09:32:06.873700,,43,events
1602,2022-04-29 09:32:07.040700,,10,events
1603,2022-04-29 09:32:46.607700,,38,events
1604,2022-04-29 09:32:46.608700,,43,events
1605,2022-04-29 09:32:46.608700,,9,events
1606,2022-04-29 09:33:00.823700,,38,events
1607,2022-04-29 09:33:36.493700,,10,events
1608,2022-04-29 09:33:46.398700,,43,events
1609,2022-04-29 09:33:55.473700,,8,events
1610,2022-04-29 09:33:55.508700,,38,events
1611,2022-04-29 09:33:59.575700,,38,events
1615,2022-04-29 09:34:07.830700,,10,events
1614,2022-04-29 09:34:07.830700,,9,events
1613,2022-04-29 09:34:07.830700,,38,events
1612,2022-04-29 09:34:07.830700,,43,events
1616,2022-04-29 09:34:07.831700,,21,events
1617,2022-04-29 09:34:07.832700,,8,events
1618,2022-04-29 09:34:07.835700,,9,events
1619,2022-04-29 09:34:07.836700,,43,events
1620,2022-04-29 09:34:27.094700,,9,events
1621,2022-04-29 09:34:27.096700,,8,events
1622,2022-04-29 09:34:27.096700,,43,events
1623,2022-04-29 09:34:27.097700,,21,events
1624,2022-04-29 09:34:27.101700,,9,events
1625,2022-04-29 09:34:28.998700,,43,events
1626,2022-04-29 09:34:30.024700,,10,events
1627,2022-04-29 09:34:38.107700,,43,events
1628,2022-04-29 09:34:54.797700,,38,events
1629,2022-04-29 09:35:11.562700,,21,events
1630,2022-04-29 09:35:14.622700,,38,events
1631,2022-04-29 09:35:37.337700,,43,events
1632,2022-04-29 09:35:37.362700,,21,events
1633,2022-04-29 09:36:24.926700,,10,events
1634,2022-04-29 09:36:24.948700,,43,events
1635,2022-04-29 09:37:03.694700,,43,events
1636,2022-04-29 09:37:03.711700,,21,events
1637,2022-04-29 09:37:09.372700,,21,events
1638,2022-04-29 09:37:47.186700,,9,events
1639,2022-04-29 09:38:25.442700,,43,events
1640,2022-04-29 09:38:25.444700,,43,events
1641,2022-04-29 09:38:27.670700,,10,events
1642,2022-04-29 09:38:36.595700,,38,events
1643,2022-04-29 09:39:37.665700,,21,events
1644,2022-04-29 09:39:39.128700,,43,events
1645,2022-04-29 09:39:39.133700,,9,events
1646,2022-04-29 09:39:39.136700,,10,events
1647,2022-04-29 09:39:49.341700,,21,events
1648,2022-04-29 09:40:01.871700,,43,events
1649,2022-04-29 09:40:35.067700,,38,events
1650,2022-04-29 09:40:49.797700,,38,events
1651,2022-04-29 09:40:51.200700,,43,events
1652,2022-04-29 09:40:57.678700,,38,events
1653,2022-04-29 09:40:59.689700,,38,events
1654,2022-04-29 09:41:02.774700,,10,events
1655,2022-04-29 09:41:08.811700,,38,events
1656,2022-04-29 09:41:15.917700,,43,events
1657,2022-04-29 09:41:16.379700,,38,events
1658,2022-04-29 09:41:16.382700,,43,events
1659,2022-04-29 09:41:16.383700,,8,events
1660,2022-04-29 09:41:16.385700,,21,events
1661,2022-04-29 09:41:16.386700,,38,events
1662,2022-04-29 09:41:16.386700,,9,events
1663,2022-04-29 09:41:16.386700,,10,events
1664,2022-04-29 09:41:16.396700,,38,events
1665,2022-04-29 09:41:59.603700,,21,events
1666,2022-04-29 09:42:00.967700,,38,events
1667,2022-04-29 09:42:00.974700,,8,events
1668,2022-04-29 09:42:00.975700,,10,events
1669,2022-04-29 09:42:00.988700,,9,events
1670,2022-04-29 09:42:01.017700,,21,events
1671,2022-04-29 09:42:03.311700,,21,events
1672,2022-04-29 09:42:03.314700,,10,events
1673,2022-04-29 09:42:09.536700,,43,events
1674,2022-04-29 09:42:12.706700,,21,events
1675,2022-04-29 09:42:23.884700,,8,events
1676,2022-04-29 09:42:24.924700,,21,events
1677,2022-04-29 09:42:45.326700,,43,events
1678,2022-04-29 09:42:53.820700,,43,events
1679,2022-04-29 09:42:54.261700,,38,events
1680,2022-04-29 09:42:59.477700,,9,events
1681,2022-04-29 09:42:59.478700,,21,events
1682,2022-04-29 09:42:59.478700,,10,events
1683,2022-04-29 09:42:59.479700,,43,events
1684,2022-04-29 09:43:31.638700,,10,events
1685,2022-04-29 09:44:01.199700,,43,events
1686,2022-04-29 09:44:45.953700,,43,events
1687,2022-04-29 09:44:46.943700,,10,events
1688,2022-04-29 09:44:48.069700,,43,events
1689,2022-04-29 09:44:49.607700,,10,events
1690,2022-04-29 09:45:06.244700,,38,events
1691,2022-04-29 09:45:22.469700,,21,events
1692,2022-04-29 09:45:26.540700,,21,events
1693,2022-04-29 09:45:28.345700,,10,events
1694,2022-04-29 09:45:28.373700,,38,events
1695,2022-04-29 09:45:30.666700,,43,events
1696,2022-04-29 09:45:30.668700,,43,events
1697,2022-04-29 09:45:30.722700,,21,events
1698,2022-04-29 09:45:32.426700,,21,events
1699,2022-04-29 09:46:07.221700,,43,events
1700,2022-04-29 09:46:54.750700,,38,events
1701,2022-04-29 09:47:34.440700,,10,events
1702,2022-04-29 09:47:44.592700,,43,events
1703,2022-04-29 09:47:48.705700,,21,events
1704,2022-04-29 09:48:08.076700,,21,events
1705,2022-04-29 09:48:08.076700,,9,events
1706,2022-04-29 09:48:28.545700,,43,events
1707,2022-04-29 09:48:28.561700,,21,events
1708,2022-04-29 09:48:30.698700,,21,events
1709,2022-04-29 09:48:30.715700,,43,events
1710,2022-04-29 09:48:58.822700,,43,events
1711,2022-04-29 09:49:00.800700,,9,events
1712,2022-04-29 09:49:10.815700,,10,events
1713,2022-04-29 09:49:37.519700,,38,events
1714,2022-04-29 09:49:38.305700,,21,events
1715,2022-04-29 09:50:05.174700,,9,events
1716,2022-04-29 09:50:09.156700,,43,events
1717,2022-04-29 09:50:09.157700,,9,events
1718,2022-04-29 09:50:09.158700,,10,events
1719,2022-04-29 09:50:24.362700,,10,events
1720,2022-04-29 09:50:38.120700,,43,events
1721,2022-04-29 09:50:46.404700,,43,events
1722,2022-04-29 09:50:58.527700,,21,events
1723,2022-04-29 09:51:42.896700,,10,events
1724,2022-04-29 09:53:16.838700,,21,events
1725,2022-04-29 09:53:18.933700,,10,events
1726,2022-04-29 09:53:25.603700,,21,events
1727,2022-04-29 09:53:47.686700,,21,events
1728,2022-04-29 09:54:08.106700,,9,events
1729,2022-04-29 09:54:08.107700,,21,events
1730,2022-04-29 09:55:02.832700,,38,events
1731,2022-04-29 09:57:02.918700,,9,events
1732,2022-04-29 09:57:02.965700,,10,events
1733,2022-04-29 09:57:05.259700,,43,events
1734,2022-04-29 09:57:13.694700,,21,events
1735,2022-04-29 09:57:37.885700,,9,events
1736,2022-04-29 09:57:42.389700,,10,events
1737,2022-04-29 09:59:10.494700,,38,events
1738,2022-04-29 10:00:32.243700,,21,events
1739,2022-04-29 10:00:43.431700,,10,events
1740,2022-04-29 10:00:45.452700,,10,events
1741,2022-04-29 10:00:50.216700,,21,events
1267,2022-04-29 10:00:53.818700,,21,events
1268,2022-04-29 10:01:08.758700,,43,events
1269,2022-04-29 10:01:24.002700,,9,events
1270,2022-04-29 10:01:41.539700,,8,events
1271,2022-04-29 10:01:41.540700,,21,events
1272,2022-04-29 10:01:41.543700,,10,events
1273,2022-04-29 10:01:41.544700,,38,events
1274,2022-04-29 10:01:41.545700,,43,events
1275,2022-04-29 10:01:41.546700,,9,events
1276,2022-04-29 10:01:41.548700,,21,events
1277,2022-04-29 10:01:41.560700,,10,events
1278,2022-04-29 10:01:41.562700,,9,events
1279,2022-04-29 10:01:52.000700,,10,events
1280,2022-04-29 10:01:52.105700,,43,events
1281,2022-04-29 10:02:23.782700,,38,events
1282,2022-04-29 10:02:37.112700,,10,events
1283,2022-04-29 10:02:39.691700,,43,events
1284,2022-04-29 10:02:40.011700,,43,events
1285,2022-04-29 10:02:47.112700,,43,events
1286,2022-04-29 10:02:48.125700,,43,events
1287,2022-04-29 10:02:56.783700,,43,events
1288,2022-04-29 10:02:56.792700,,21,events
1289,2022-04-29 10:03:04.347700,,10,events
1290,2022-04-29 10:03:18.136700,,21,events
1291,2022-04-29 10:03:18.136700,,43,events
1292,2022-04-29 10:03:33.740700,,10,events
1293,2022-04-29 10:03:37.793700,,10,events
1294,2022-04-29 10:03:48.979700,,9,events
1295,2022-04-29 10:03:52.016700,,9,events
1296,2022-04-29 10:03:57.087700,,8,events
1297,2022-04-29 10:03:58.717700,,9,events
1298,2022-04-29 10:04:03.717700,,38,events
1300,2022-04-29 10:04:06.050700,,21,events
1299,2022-04-29 10:04:06.050700,,10,events
1301,2022-04-29 10:04:06.287700,,38,events
1302,2022-04-29 10:04:06.289700,,8,events
1303,2022-04-29 10:04:06.290700,,43,events
1304,2022-04-29 10:04:06.291700,,9,events
1305,2022-04-29 10:04:06.302700,,8,events
1306,2022-04-29 10:04:06.315700,,10,events
1307,2022-04-29 10:04:06.316700,,9,events
1308,2022-04-29 10:04:06.320700,,21,events
1309,2022-04-29 10:04:17.271700,,10,events
1310,2022-04-29 10:05:07.950700,,10,events
1311,2022-04-29 10:05:14.355700,,43,events
1312,2022-04-29 10:05:17.056700,,43,events
1313,2022-04-29 10:05:51.609700,,21,events
1314,2022-04-29 10:06:02.844700,,10,events
1315,2022-04-29 10:06:17.994700,,43,events
1316,2022-04-29 10:06:19.015700,,8,events
1317,2022-04-29 10:06:19.159700,,21,events
1318,2022-04-29 10:06:33.192700,,10,events
1319,2022-04-29 10:06:47.245700,,10,events
1320,2022-04-29 10:07:22.781700,,43,events
1321,2022-04-29 10:07:22.851700,,38,events
1322,2022-04-29 10:07:52.171700,,10,events
1323,2022-04-29 10:07:52.184700,,38,events
1324,2022-04-29 10:07:54.136700,,21,events
1325,2022-04-29 10:08:09.943700,,10,events
1326,2022-04-29 10:09:06.736700,,8,events
1327,2022-04-29 10:09:08.642700,,43,events
1328,2022-04-29 10:09:08.642700,,38,events
1329,2022-04-29 10:09:38.710700,,38,events
1330,2022-04-29 10:09:38.711700,,38,events
1331,2022-04-29 10:10:53.268700,,43,events
1332,2022-04-29 10:12:03.491700,,43,events
1333,2022-04-29 10:12:05.468700,,38,events
1334,2022-04-29 10:14:34.158700,,43,events
1335,2022-04-29 10:14:50.525700,,38,events
1336,2022-04-29 10:15:46.324700,,38,events
1337,2022-04-29 10:17:02.922700,,38,events
1338,2022-04-29 10:19:39.686700,,21,events
1339,2022-04-29 10:20:21.203700,,10,events
1340,2022-04-29 10:21:01.206700,,10,events
1341,2022-04-29 10:23:10.617700,,38,events
1342,2022-04-29 10:23:11.875700,,38,events
1343,2022-04-29 10:27:02.375700,,43,events
1344,2022-04-29 10:29:34.153700,,43,events
1345,2022-04-29 10:30:41.966700,,9,events
1346,2022-04-29 10:31:19.444700,,10,events
1347,2022-04-29 10:32:30.508700,,8,events
1348,2022-04-29 10:32:38.209700,,38,events
1349,2022-04-29 10:35:33.594700,,43,events
1350,2022-04-29 10:37:02.760700,,10,events
1351,2022-04-29 10:37:06.417700,,8,events
1352,2022-04-29 10:37:56.094700,,10,events
1353,2022-04-29 10:38:07.432700,,43,events
1354,2022-04-29 10:38:46.809700,,8,events
1355,2022-04-29 10:38:50.019700,,10,events
1356,2022-04-29 10:38:50.021700,,10,events
1357,2022-04-29 10:38:51.862700,,10,events
1358,2022-04-29 10:39:00.976700,,21,events
1359,2022-04-29 10:39:31.766700,,21,events
1360,2022-04-29 10:39:54.728700,,21,events
1361,2022-04-29 10:40:06.879700,,10,events
1362,2022-04-29 10:40:41.099700,,9,events
1363,2022-04-29 10:42:22.090700,,10,events
1364,2022-04-29 10:47:36.211700,,9,events
1365,2022-04-29 10:52:15.512700,,21,events
1366,2022-04-29 10:52:29.383700,,43,events
1367,2022-04-29 10:53:51.289700,,21,events
1368,2022-04-29 10:55:40.641700,,38,events
1369,2022-04-29 10:56:31.701700,,10,events
1370,2022-04-29 10:56:33.919700,,43,events
1371,2022-04-29 10:58:04.607700,,43,events
1372,2022-04-29 10:59:09.234700,,38,events
1373,2022-04-29 11:00:40.540700,,43,events
1374,2022-04-29 11:03:52.407700,,43,events
1375,2022-04-29 11:04:43.138700,,10,events
1376,2022-04-29 11:04:43.660700,,9,events
1377,2022-04-29 11:04:43.660700,,21,events
1378,2022-04-29 11:05:18.554700,,43,events
1379,2022-04-29 11:07:28.587700,,9,events
1380,2022-04-29 11:10:21.206700,,43,events
1381,2022-04-29 11:10:44.563700,,43,events
1382,2022-04-29 11:17:25.287700,,21,events
1383,2022-04-29 11:22:10.667700,,43,events
1384,2022-04-29 11:22:17.536700,,21,events
1385,2022-04-29 11:24:14.808700,,10,events
1386,2022-04-29 11:24:25.839700,,10,events
1387,2022-04-29 11:27:02.868700,,43,events
1388,2022-04-29 11:29:09.083700,,38,events
777,2022-04-29 11:32:13.204700,,21,events
778,2022-04-29 11:32:24.331700,,43,events
779,2022-04-29 11:33:08.067700,,21,events
780,2022-04-29 11:33:08.068700,,43,events
781,2022-04-29 11:33:10.417700,,9,events
782,2022-04-29 11:33:40.414700,,9,events
783,2022-04-29 11:34:05.735700,,10,events
784,2022-04-29 11:35:01.803700,,9,events
785,2022-04-29 11:38:01.335700,,10,events
786,2022-04-29 11:38:39.387700,,10,events
787,2022-04-29 11:43:50.696700,,9,events
788,2022-04-29 11:44:33.281700,,8,events
789,2022-04-29 11:45:02.874700,,10,events
790,2022-04-29 11:47:30.769700,,10,events
791,2022-04-29 11:47:42.903700,,10,events
792,2022-04-29 11:49:21.158700,,9,events
793,2022-04-29 11:49:42.275700,,10,events
794,2022-04-29 11:50:31.986700,,43,events
795,2022-04-29 11:51:39.948700,,9,events
796,2022-04-29 11:54:37.776700,,43,events
797,2022-04-29 11:57:30.688700,,21,events
798,2022-04-29 12:00:10.967700,,10,events
799,2022-04-29 12:00:11.105700,,8,events
800,2022-04-29 12:02:01.648700,,10,events
801,2022-04-29 12:05:58.134700,,8,events
802,2022-04-29 12:05:58.207700,,38,events
803,2022-04-29 12:09:17.329700,,38,events
804,2022-04-29 12:09:36.928700,,10,events
805,2022-04-29 12:11:03.346700,,21,events
806,2022-04-29 12:11:08.996700,,21,events
807,2022-04-29 12:11:09.016700,,10,events
808,2022-04-29 12:18:12.865700,,38,events
809,2022-04-29 12:19:47.456700,,38,events
810,2022-04-29 12:27:07.371700,,9,events
811,2022-04-29 12:30:28.802700,,10,events
812,2022-04-29 12:31:13.840700,,21,events
813,2022-04-29 12:40:24.725700,,21,events
814,2022-04-29 12:42:32.862700,,9,events
815,2022-04-29 12:52:30.252700,,21,events
816,2022-04-29 12:52:30.491700,,38,events
817,2022-04-29 12:55:00.891700,,43,events
818,2022-04-29 12:59:15.615700,,9,events
819,2022-04-29 12:59:18.761700,,9,events
820,2022-04-29 12:59:18.763700,,9,events
821,2022-04-29 13:00:37.007700,,21,events
822,2022-04-29 13:03:34.886700,,10,events
823,2022-04-29 13:04:31.005700,,21,events
824,2022-04-29 13:06:18.198700,,43,events
825,2022-04-29 13:07:24.747700,,21,events
826,2022-04-29 13:08:32.105700,,10,events
827,2022-04-29 13:08:39.297700,,10,events
828,2022-04-29 13:09:29.870700,,21,events
829,2022-04-29 13:09:49.818700,,9,events
830,2022-04-29 13:09:51.991700,,43,events
831,2022-04-29 13:09:52.009700,,21,events
832,2022-04-29 13:10:00.565700,,21,events
833,2022-04-29 13:10:40.093700,,43,events
834,2022-04-29 13:11:42.194700,,8,events
835,2022-04-29 13:12:13.818700,,21,events
836,2022-04-29 13:12:15.961700,,21,events
837,2022-04-29 13:13:01.040700,,38,events
838,2022-04-29 13:13:02.077700,,21,events
839,2022-04-29 13:13:24.963700,,9,events
840,2022-04-29 13:13:45.564700,,38,events
841,2022-04-29 13:13:47.676700,,21,events
842,2022-04-29 13:14:24.375700,,9,events
843,2022-04-29 13:14:27.630700,,8,events
844,2022-04-29 13:14:27.630700,,9,events
845,2022-04-29 13:14:27.631700,,38,events
846,2022-04-29 13:14:27.633700,,43,events
847,2022-04-29 13:14:27.633700,,21,events
848,2022-04-29 13:14:27.633700,,10,events
849,2022-04-29 13:14:27.729700,,38,events
850,2022-04-29 13:14:27.737700,,9,events
851,2022-04-29 13:15:12.174700,,43,events
852,2022-04-29 13:16:03.240700,,21,events
2038,2022-04-29 13:22:31.481700,,9,events
2039,2022-04-29 13:23:56.648700,,10,events
2040,2022-04-29 13:23:57.874700,,43,events
2041,2022-04-29 13:23:57.938700,,38,events
2042,2022-04-29 13:25:26.887700,,38,events
2043,2022-04-29 13:27:01.261700,,9,events
2044,2022-04-29 13:27:51.229700,,9,events
2045,2022-04-29 13:27:53.296700,,10,events
2046,2022-04-29 13:29:37.786700,,21,events
2047,2022-04-29 13:29:52.901700,,43,events
2048,2022-04-29 13:30:42.640700,,10,events
2049,2022-04-29 13:31:10.271700,,10,events
2050,2022-04-29 13:35:55.679700,,21,events
2051,2022-04-29 13:37:04.326700,,21,events
2053,2022-04-29 13:37:36.261700,,21,events
2052,2022-04-29 13:37:36.261700,,9,events
2054,2022-04-29 13:39:53.436700,,21,events
2055,2022-04-29 13:40:52.997700,,9,events
2056,2022-04-29 13:45:55.532700,,9,events
2057,2022-04-29 13:49:53.150700,,10,events
2058,2022-04-29 13:50:02.585700,,9,events
2059,2022-04-29 13:50:34.092700,,9,events
2060,2022-04-29 13:50:58.081700,,10,events
2061,2022-04-29 13:54:35.981700,,21,events
2062,2022-04-29 13:56:42.611700,,21,events
2063,2022-04-29 13:56:48.954700,,9,events
2064,2022-04-29 13:56:50.891700,,43,events
2065,2022-04-29 13:56:50.901700,,9,events
2066,2022-04-29 13:58:04.813000,,10,events
2067,2022-04-29 13:58:44.352800,,10,events
2068,2022-04-29 13:58:46.693200,,10,events
2069,2022-04-29 13:58:46.694200,,38,events
2070,2022-04-29 14:00:04.459200,,9,events
2071,2022-04-29 14:00:55.671900,,8,events
2072,2022-04-29 14:01:50.816700,,43,events
2073,2022-04-29 14:03:01.959100,,38,events
2074,2022-04-29 14:11:14.267000,,38,events
2075,2022-04-29 14:24:35.350400,,10,events
2076,2022-04-29 14:24:38.901800,,21,events
2077,2022-04-29 14:25:23.632200,,9,events
2078,2022-04-29 14:25:58.324700,,9,events
2079,2022-04-29 14:26:14.422300,,43,events
2080,2022-04-29 14:29:54.658300,,38,events
2081,2022-04-29 14:29:55.402400,,38,events
2082,2022-04-29 14:29:57.749600,,10,events
2083,2022-04-29 14:29:59.865800,,9,events
2084,2022-04-29 14:30:26.583500,,21,events
2085,2022-04-29 14:30:47.104600,,10,events
2086,2022-04-29 14:35:18.768700,,21,events
2087,2022-04-29 14:35:22.011100,,43,events
2088,2022-04-29 14:35:53.301200,,9,events
2089,2022-04-29 14:35:53.325200,,38,events
2090,2022-04-29 14:35:54.336300,,43,events
2091,2022-04-29 14:40:21.498000,,10,events
2092,2022-04-29 14:49:00.039900,,38,events
2093,2022-04-29 14:55:47.644600,,38,events
2094,2022-04-29 14:58:46.012400,,21,events
2095,2022-04-29 14:58:58.344700,,10,events
2096,2022-04-29 15:03:01.924000,,43,events
1742,2022-04-29 15:12:50.032800,,9,events
1743,2022-04-29 15:14:23.781200,,38,events
1744,2022-04-29 15:15:00.546900,,10,events
1745,2022-04-29 15:15:03.342200,,21,events
1746,2022-04-29 15:18:56.494500,,21,events
1747,2022-04-29 15:19:56.734500,,10,events
1748,2022-04-29 15:20:58.683700,,21,events
1749,2022-04-29 15:23:13.554200,,21,events
1750,2022-04-29 15:23:50.527900,,10,events
1751,2022-04-29 15:24:44.351300,,21,events
1752,2022-04-29 15:25:41.445000,,38,events
1753,2022-04-29 15:26:37.253500,,9,events
1754,2022-04-29 15:27:18.713700,,10,events
1755,2022-04-29 15:27:18.725700,,9,events
1756,2022-04-29 15:27:20.880900,,38,events
1757,2022-04-29 15:27:20.914900,,21,events
1758,2022-04-29 15:27:28.625700,,21,events
1759,2022-04-29 15:29:52.296100,,10,events
1760,2022-04-29 15:29:52.380100,,21,events
1761,2022-04-29 15:30:57.549600,,9,events
1762,2022-04-29 15:31:38.095600,,38,events
1763,2022-04-29 15:33:07.521600,,38,events
1764,2022-04-29 15:37:23.474200,,38,events
1765,2022-04-29 15:37:36.077400,,10,events
1766,2022-04-29 15:37:37.259500,,9,events
1767,2022-04-29 15:38:45.023300,,10,events
1768,2022-04-29 15:40:55.000300,,9,events
1769,2022-04-29 15:41:12.567100,,21,events
1770,2022-04-29 15:42:12.600100,,21,events
1771,2022-04-29 15:44:16.374500,,9,events
1772,2022-04-29 15:44:24.029200,,9,events
1773,2022-04-29 15:51:59.292700,,21,events
1774,2022-04-29 15:52:01.535000,,9,events
1775,2022-04-29 15:54:31.859000,,21,events
1776,2022-04-29 15:54:35.466400,,43,events
1777,2022-04-29 15:56:37.578600,,21,events
1778,2022-04-29 15:56:37.579600,,43,events
1779,2022-04-29 15:57:50.406800,,21,events
1780,2022-04-29 15:59:27.874600,,10,events
1781,2022-04-29 15:59:39.824800,,21,events
1782,2022-04-29 15:59:53.280100,,10,events
1783,2022-04-29 16:04:36.049400,,9,events
1784,2022-04-29 16:04:58.357600,,21,events
1785,2022-04-29 16:05:45.970400,,10,events
1786,2022-04-29 16:08:39.505700,,10,events
1787,2022-04-29 16:10:46.888500,,10,events
1788,2022-04-29 16:10:58.048600,,8,events
1789,2022-04-29 16:10:58.133600,,38,events
1790,2022-04-29 16:11:54.221200,,43,events
1791,2022-04-29 16:13:05.865400,,9,events
1792,2022-04-29 16:13:31.501900,,21,events
1793,2022-04-29 16:13:56.467400,,8,events
1794,2022-04-29 16:16:02.898100,,43,events
1795,2022-04-29 16:16:50.766900,,21,events
1796,2022-04-29 16:18:06.850500,,9,events
1797,2022-04-29 16:18:41.917000,,10,events
1798,2022-04-29 16:18:51.035900,,21,events
1799,2022-04-29 16:19:14.939300,,21,events
1800,2022-04-29 16:20:22.833100,,43,events
1801,2022-04-29 16:20:55.167300,,43,events
1802,2022-04-29 16:22:44.297200,,9,events
1803,2022-04-29 16:26:36.227400,,43,events
1804,2022-04-29 16:31:57.253500,,43,events
1805,2022-04-29 16:33:16.265400,,21,events
1806,2022-04-29 16:34:07.442500,,10,events
1807,2022-04-29 16:36:54.613200,,21,events
1808,2022-04-29 16:38:45.630300,,43,events
1809,2022-04-29 16:40:36.795500,,43,events
1810,2022-04-29 16:42:23.240100,,43,events
1811,2022-04-29 16:43:55.519300,,10,events
1812,2022-04-29 16:44:16.715400,,9,events
1813,2022-04-29 16:44:48.519600,,21,events
1814,2022-04-29 16:44:50.368800,,10,events
1815,2022-04-29 16:45:22.274000,,21,events
1816,2022-04-29 16:45:43.986200,,21,events
1817,2022-04-29 16:45:48.114600,,38,events
1818,2022-04-29 16:46:42.840100,,21,events
1819,2022-04-29 16:46:44.083200,,10,events
1820,2022-04-29 16:46:46.209400,,43,events
1821,2022-04-29 16:46:53.663100,,10,events
1822,2022-04-29 16:47:01.873000,,38,events
1823,2022-04-29 16:47:31.481900,,43,events
1824,2022-04-29 16:48:05.255300,,21,events
1825,2022-04-29 16:48:07.067500,,9,events
1826,2022-04-29 16:48:07.091500,,21,events
1827,2022-04-29 16:49:22.356000,,21,events
1828,2022-04-29 16:49:43.395100,,21,events
491,2022-04-29 16:50:20.004800,,38,events
492,2022-04-29 16:51:27.949600,,21,events
493,2022-04-29 16:51:28.166600,,8,events
494,2022-04-29 16:51:28.203600,,21,events
495,2022-04-29 16:51:30.792900,,21,events
496,2022-04-29 16:51:30.794900,,10,events
499,2022-04-29 16:51:30.795900,,43,events
498,2022-04-29 16:51:30.795900,,38,events
497,2022-04-29 16:51:30.795900,,9,events
500,2022-04-29 16:51:30.797900,,8,events
501,2022-04-29 16:51:31.028900,,8,events
503,2022-04-29 16:51:31.042900,,10,events
502,2022-04-29 16:51:31.042900,,38,events
505,2022-04-29 16:51:31.045900,,21,events
504,2022-04-29 16:51:31.045900,,9,events
506,2022-04-29 16:51:31.072900,,9,events
507,2022-04-29 16:51:31.073900,,21,events
508,2022-04-29 16:53:29.552700,,10,events
510,2022-04-29 16:53:32.549000,,8,events
509,2022-04-29 16:53:32.549000,,9,events
511,2022-04-29 16:54:20.610800,,9,events
512,2022-04-29 16:54:44.896300,,10,events
514,2022-04-29 16:54:44.897300,,43,events
513,2022-04-29 16:54:44.897300,,38,events
515,2022-04-29 16:54:44.898300,,8,events
516,2022-04-29 16:54:44.901300,,9,events
517,2022-04-29 16:54:44.903300,,10,events
518,2022-04-29 16:55:24.051200,,10,events
519,2022-04-29 16:55:36.448400,,43,events
520,2022-04-29 16:55:41.829000,,10,events
521,2022-04-29 16:55:41.831000,,9,events
522,2022-04-29 16:56:04.233200,,43,events
523,2022-04-29 16:56:04.233200,,10,events
524,2022-04-29 16:56:10.138800,,21,events
525,2022-04-29 16:57:30.564800,,9,events
526,2022-04-29 16:58:39.845800,,21,events
527,2022-04-29 17:01:16.347400,,38,events
528,2022-04-29 17:01:20.260800,,9,events
529,2022-04-29 17:02:05.720300,,43,events
530,2022-04-29 17:03:22.080000,,9,events
531,2022-04-29 17:03:29.178700,,21,events
532,2022-04-29 17:03:48.428600,,21,events
533,2022-04-29 17:05:40.797800,,21,events
534,2022-04-29 17:05:40.861900,,10,events
535,2022-04-29 17:09:44.648200,,10,events
536,2022-04-29 17:12:54.483200,,9,events
537,2022-04-29 17:14:55.683300,,43,events
538,2022-04-29 17:18:10.450800,,21,events
539,2022-04-29 17:18:14.431200,,21,events
540,2022-04-29 17:18:48.262600,,43,events
541,2022-04-29 17:20:03.174100,,9,events
542,2022-04-29 17:23:17.728500,,10,events
543,2022-04-29 17:23:44.418200,,43,events
544,2022-04-29 17:26:23.711100,,43,events
545,2022-04-29 17:26:31.468900,,10,events
546,2022-04-29 17:29:58.048600,,38,events
547,2022-04-29 17:34:23.307100,,9,events
1247,2022-04-29 21:51:46.155200,,21,events
1248,2022-04-29 21:51:48.419400,,9,events
1249,2022-04-29 21:51:48.445400,,21,events
1250,2022-04-29 21:51:48.470400,,38,events
1251,2022-04-29 21:51:56.064200,,9,events
1252,2022-04-29 21:51:59.657600,,21,events
1253,2022-04-29 21:51:59.658600,,9,events
1254,2022-04-29 21:52:35.574200,,10,events
1255,2022-04-29 21:52:44.818100,,38,events
1256,2022-04-29 21:53:32.681900,,38,events
1257,2022-04-29 21:53:32.815900,,43,events
1258,2022-04-29 21:53:34.795100,,38,events
1259,2022-04-29 21:53:41.585800,,9,events
1260,2022-04-29 21:53:50.240600,,38,events
1261,2022-04-29 21:57:42.219800,,10,events
1262,2022-04-29 22:00:00.655700,,10,events
1263,2022-04-29 22:09:17.248300,,38,events
1264,2022-04-29 22:11:53.105900,,9,events
1265,2022-04-29 22:17:45.438100,,43,events
1266,2022-04-29 22:24:46.366200,,38,events
916,2022-04-29 22:27:09.092500,,10,events
917,2022-04-29 22:27:09.147500,,9,events
918,2022-04-29 22:31:45.283100,,9,events
919,2022-04-29 22:38:42.079800,,10,events
920,2022-04-29 22:43:13.548900,,10,events
921,2022-04-29 22:43:22.667800,,10,events
922,2022-04-29 22:44:15.410100,,9,events
923,2022-04-29 22:45:03.952000,,10,events
924,2022-04-29 22:45:09.139500,,9,events
925,2022-04-29 22:45:23.840900,,9,events
927,2022-04-29 22:45:23.843900,,43,events
926,2022-04-29 22:45:23.843900,,38,events
928,2022-04-29 22:45:23.844900,,10,events
929,2022-04-29 22:45:23.847900,,21,events
930,2022-04-29 22:46:35.152100,,21,events
931,2022-04-29 22:47:17.201300,,21,events
932,2022-04-29 22:47:19.629500,,10,events
933,2022-04-29 22:47:24.012000,,43,events
934,2022-04-29 22:47:58.628400,,38,events
935,2022-04-29 22:48:28.919500,,10,events
936,2022-04-29 22:49:57.277300,,43,events
937,2022-04-29 22:50:29.193500,,10,events
938,2022-04-29 22:50:29.195500,,10,events
939,2022-04-29 22:50:32.662800,,38,events
940,2022-04-29 22:51:55.353100,,9,events
941,2022-04-29 22:54:41.475700,,43,events
942,2022-04-29 23:01:53.088900,,9,events
943,2022-04-29 23:01:53.088900,,21,events
944,2022-04-29 23:01:57.319300,,9,events
945,2022-04-29 23:02:34.597000,,38,events
946,2022-04-29 23:02:36.781200,,10,events
947,2022-04-29 23:03:32.994300,,9,events
948,2022-04-29 23:04:49.411400,,21,events
949,2022-04-29 23:05:39.392000,,21,events
950,2022-04-29 23:05:39.409900,,38,events
951,2022-04-29 23:05:39.410900,,10,events
952,2022-04-29 23:05:39.411900,,43,events
953,2022-04-29 23:05:39.411900,,9,events
954,2022-04-29 23:05:39.411900,,8,events
955,2022-04-29 23:05:39.680100,,8,events
956,2022-04-29 23:05:39.682100,,43,events
957,2022-04-29 23:05:39.693100,,21,events
958,2022-04-29 23:05:39.695100,,21,events
959,2022-04-29 23:13:23.751700,,43,events
960,2022-04-29 23:17:36.125900,,38,events
961,2022-04-29 23:21:44.104900,,21,events
962,2022-04-29 23:27:43.393000,,10,events
963,2022-04-29 23:27:43.394000,,21,events
964,2022-04-29 23:28:09.460000,,21,events
965,2022-04-29 23:28:17.089000,,10,events
966,2022-04-29 23:28:17.153000,,21,events
967,2022-04-29 23:30:20.238000,,38,events
968,2022-04-29 23:31:51.182000,,38,events
969,2022-04-29 23:38:00.281000,,43,events
970,2022-04-29 23:40:13.906000,,43,events
971,2022-04-29 23:40:16.722000,,9,events
972,2022-04-29 23:40:36.820000,,21,events
973,2022-04-29 23:40:51.183000,,21,events
974,2022-04-29 23:49:38.279000,,38,events
975,2022-04-29 23:49:57.923000,,21,events
976,2022-04-29 23:53:16.459000,,38,events
977,2022-04-29 23:53:16.485000,,9,events
978,2022-04-29 23:58:17.673000,,9,events
979,2022-04-29 23:59:20.161000,,9,events
