,bridgeMac
88:51:FB:77:46:57,844
88:51:FB:77:24:8E,834
88:51:FB:77:C9:75,797
88:51:FB:77:66:17,797
88:51:FB:77:3A:14,793
88:51:FB:77:1A:72,790
88:51:FB:77:3A:25,763
88:51:FB:77:0A:A4,754
88:51:FB:77:06:86,753
88:51:FB:77:79:6B,744
88:51:FB:77:A9:D6,741
88:51:FB:77:79:A6,735
88:51:FB:77:06:2C,714
88:51:FB:77:A9:D0,702
88:51:FB:77:08:AD,700
88:51:FB:77:79:57,688
88:51:FB:77:AA:3D,685
88:51:FB:77:60:3D,683
88:51:FB:77:24:77,677
88:51:FB:77:1A:48,675
88:51:FB:77:3A:20,673
88:51:FB:77:82:F3,664
88:51:FB:77:49:C3,662
88:51:FB:77:2A:E3,661
88:51:FB:77:6B:6F,660
88:51:FB:77:24:7B,654
88:51:FB:77:39:A3,646
88:51:FB:77:36:CA,630
88:51:FB:77:63:2D,626
88:51:FB:77:1A:52,625
88:51:FB:77:52:16,614
88:51:FB:77:06:36,609
88:51:FB:77:01:4D,606
88:51:FB:77:66:DF,600
88:51:FB:77:95:9B,593
88:51:FB:77:21:F7,592
88:51:FB:77:40:D9,585
88:51:FB:77:A1:C9,584
88:51:FB:77:66:A6,582
88:51:FB:77:C9:A9,577
88:51:FB:77:F0:58,572
88:51:FB:77:FA:D7,568
88:51:FB:77:0A:D6,553
88:51:FB:77:69:E9,552
88:51:FB:77:16:CB,544
88:51:FB:77:66:D4,543
88:51:FB:77:3A:26,536
88:51:FB:77:9A:70,528
88:51:FB:77:36:03,515
88:51:FB:77:43:B4,513
88:51:FB:77:36:2E,501
88:51:FB:77:08:00,490
88:51:FB:77:88:05,486
88:51:FB:77:18:77,480
88:51:FB:77:1A:BF,477
88:51:FB:77:89:82,471
88:51:FB:77:79:E9,468
88:51:FB:77:0A:84,460
88:51:FB:77:66:DD,457
88:51:FB:77:80:63,450
88:51:FB:77:62:6B,434
88:51:FB:77:33:13,421
88:51:FB:77:23:E0,397
88:51:FB:77:62:9F,351
88:51:FB:77:AA:35,340
88:51:FB:77:06:67,314
88:51:FB:77:63:B6,292
88:51:FB:77:46:85,286
88:51:FB:77:66:78,172
88:51:FB:77:26:E2,166
88:51:FB:77:13:55,90
88:51:FB:77:1A:58,82
76:28:4C:62:7C:E8,32
0E:34:A2:64:1D:26,31
FE:CF:41:10:27:02,23
F6:89:50:F1:CF:44,19
2E:0E:D7:1E:0C:13,16
F2:F9:7E:2F:A8:F0,13
92:53:B3:FB:53:6B,11
88:51:FB:77:A1:3A,10
96:3E:A4:2C:9D:27,10
78:E1:03:E2:40:8A,9
EA:0A:86:3D:DA:10,9
42:98:0C:07:82:86,8
C4:D9:87:45:AD:8F,5
F6:44:1B:BE:76:60,5
44:E5:17:BA:52:52,5
92:FF:D8:11:A2:4E,4
E6:93:0B:61:3A:38,4
88:51:FB:77:51:E8,3
66:57:BC:EC:09:B7,3
9A:23:F5:63:D5:A2,2
88:51:FB:77:66:13,2
70:81:EB:E3:2A:58,2
88:51:FB:77:0A:C0,2
88:51:FB:77:18:7F,2
8A:8C:BB:B5:4B:46,2
96:4C:47:E4:1E:55,1
88:51:FB:77:59:0A,1
40:A3:CC:E2:B3:D2,1
